{
"__comment": "Designed by MasterianoX",
"textures": {
    "particle": "entity/zombie_pigman",
    "texture": "entity/zombie_pigman"
},
"elements": [ 
{
    "from": [ 4, 0, 4 ],
    "to": [ 12, 8, 12 ],
    "faces": {
        "down":  { "uv": [ 4, 0, 6, 2 ], "texture": "#texture" },
        "up":    { "uv": [ 2, 0, 4, 2 ], "texture": "#texture" },
        "north": { "uv": [ 0, 2, 2, 4 ], "texture": "#texture" },
        "south": { "uv": [ 4, 2, 6, 4 ], "texture": "#texture" },
        "west":  { "uv": [ 2, 2, 4, 4 ], "texture": "#texture" },
        "east":  { "uv": [ 6, 2, 8, 4 ], "texture": "#texture" }
    }
},
{
    "from": [ 3.5, 3, 6 ],
    "to": [ 4, 4, 7 ],
    "faces": {
        "down":  { "uv": [ 0.5, 0.25, 0.75, 0.5 ], "texture": "#texture" },
        "up":    { "uv": [ 0.5, 0.25, 0.75, 0.5 ], "texture": "#texture" },
        "north": { "uv": [ 0.5, 0.25, 0.75, 0.5 ], "texture": "#texture" },
        "south": { "uv": [ 0.5, 0.25, 0.75, 0.5 ], "texture": "#texture" },
        "west":  { "uv": [ 0.5, 0.25, 0.75, 0.5 ], "texture": "#texture" },
        "east":  { "uv": [ 0.5, 0.25, 0.75, 0.5 ], "texture": "#texture" }
    }
},
{
    "from": [ 3.5, 0, 5 ],
    "to": [ 4, 3, 6 ],
    "faces": {
        "down":  { "uv": [ 0.25, 1, 0.5, 1.25 ], "texture": "#texture" },
        "up":    { "uv": [ 0.25, 0.5, 0.5, 0.75 ], "texture": "#texture" },
        "north": { "uv": [ 0.25, 0.5, 0.5, 1.25 ], "texture": "#texture" },
        "south": { "uv": [ 0.25, 0.5, 0.5, 1.25 ], "texture": "#texture" },
        "west":  { "uv": [ 0.25, 0.5, 0.5, 1.25 ], "texture": "#texture" },
        "east":  { "uv": [ 0.25, 0.5, 0.5, 1.25 ], "texture": "#texture" }
    }
},
{
    "from": [ 3.5, -1, 6 ],
    "to": [ 4, 2, 7 ],
    "faces": {
        "down":  { "uv": [ 0.5, 1.25, 0.75, 1.5 ], "texture": "#texture" },
        "up":    { "uv": [ 0.5, 0.75, 0.75, 1 ], "texture": "#texture" },
        "north": { "uv": [ 0.5, 0.75, 0.75, 1.5 ], "texture": "#texture" },
        "south": { "uv": [ 0.5, 0.75, 0.75, 1.5 ], "texture": "#texture" },
        "west":  { "uv": [ 0.5, 0.75, 0.75, 1.5 ], "texture": "#texture" },
        "east":  { "uv": [ 0.5, 0.75, 0.75, 1.5 ], "texture": "#texture" }
    }
},
{
    "from": [ 3.5, -2, 7 ],
    "to": [ 4, 1, 9 ],
    "faces": {
        "down":  { "uv": [ 1.25, 1.5, 0.75, 1.75 ], "rotation": 90, "texture": "#texture" },
        "up":    { "uv": [ 0.75, 1, 1.25, 1.25 ], "rotation": 90, "texture": "#texture" },
        "north": { "uv": [ 0.75, 1, 1, 1.75 ], "texture": "#texture" },
        "south": { "uv": [ 1, 1, 1.25, 1.75 ], "texture": "#texture" },
        "west":  { "uv": [ 0.75, 1, 1.25, 1.75 ], "texture": "#texture" },
        "east":  { "uv": [ 1.25, 1, 0.75, 1.75 ], "texture": "#texture" }
    }
},
{
    "from": [ 3.5, -1, 9 ],
    "to": [ 4, 2, 10 ],
    "faces": {
        "down":  { "uv": [ 1.25, 1.25, 1.5, 1.5 ], "texture": "#texture" },
        "up":    { "uv": [ 1.25, 0.75, 1.5, 1 ], "texture": "#texture" },
        "north": { "uv": [ 1.25, 0.75, 1.5, 1.5 ], "texture": "#texture" },
        "south": { "uv": [ 1.25, 0.75, 1.5, 1.5 ], "texture": "#texture" },
        "west":  { "uv": [ 1.25, 0.75, 1.5, 1.5 ], "texture": "#texture" },
        "east":  { "uv": [ 1.25, 0.75, 1.5, 1.5 ], "texture": "#texture" }
    }
},
{
    "from": [ 3.5, 1, 10 ],
    "to": [ 4, 3, 11 ],
    "faces": {
        "down":  { "uv": [ 1.5, 0.75, 1.75, 1 ], "texture": "#texture" },
        "up":    { "uv": [ 1.5, 0.5, 1.75, 0.75 ], "texture": "#texture" },
        "north": { "uv": [ 1.5, 0.5, 1.75, 1 ], "texture": "#texture" },
        "south": { "uv": [ 1.5, 0.5, 1.75, 1 ], "texture": "#texture" },
        "west":  { "uv": [ 1.5, 0.5, 1.75, 1 ], "texture": "#texture" },
        "east":  { "uv": [ 1.5, 0.5, 1.75, 1 ], "texture": "#texture" }
    }
},
{
    "from": [ 3.5, 3, 9 ],
    "to": [ 4, 4, 10 ],
    "faces": {
        "down":  { "uv": [ 1.25, 0.25, 1.5, 0.5 ], "texture": "#texture" },
        "up":    { "uv": [ 1.25, 0.25, 1.5, 0.5 ], "texture": "#texture" },
        "north": { "uv": [ 1.25, 0.25, 1.5, 0.5 ], "texture": "#texture" },
        "south": { "uv": [ 1.25, 0.25, 1.5, 0.5 ], "texture": "#texture" },
        "west":  { "uv": [ 1.25, 0.25, 1.5, 0.5 ], "texture": "#texture" },
        "east":  { "uv": [ 1.25, 0.25, 1.5, 0.5 ], "texture": "#texture" }
    }
},
{
    "from": [ 3.5, 7.5, 3.5 ],
    "to": [ 12.5, 8.5, 12.5 ],
    "faces": {
        "down":  { "uv": [ 10.5, 8, 12.75, 10.25 ], "texture": "#texture" },
        "up":    { "uv": [ 10.5, 8, 12.75, 10.25 ], "texture": "#texture" },
        "north": { "uv": [ 12.75, 8, 10.5, 8.25 ], "texture": "#texture" },
        "south": { "uv": [ 10.5, 10, 12.75, 10.25 ], "texture": "#texture" },
        "west":  { "uv": [ 10.5, 8, 10.75, 10.25 ], "rotation": 90, "texture": "#texture" },
        "east":  { "uv": [ 12.5, 8, 12.75, 10.25 ], "rotation": 90, "texture": "#texture" }
    }
},
{
    "from": [ 4, 8.5, 4 ],
    "to": [ 12, 10.5, 12 ],
    "faces": {
        "down":  { "uv": [ 12.75, 8, 14.75, 10 ], "texture": "#texture" },
        "up":    { "uv": [ 12.75, 8, 14.75, 10 ], "rotation": 90, "texture": "#texture" },
        "north": { "uv": [ 12.75, 10, 13.25, 8 ], "rotation": 90, "texture": "#texture" },
        "south": { "uv": [ 14.75, 8, 14.25, 10 ], "rotation": 90, "texture": "#texture" },
        "west":  { "uv": [ 12.75, 9.5, 14.75, 10 ], "texture": "#texture" },
        "east":  { "uv": [ 12.75, 8, 14.75, 8.5 ], "texture": "#texture" }
    }
},
{
    "from": [ 5, 10.5, 5 ],
    "to": [ 11, 11.5, 11 ],
    "faces": {
        "down":  { "uv": [ 13, 8.25, 14.5, 9.75 ], "texture": "#texture" },
        "up":    { "uv": [ 14.5, 8.25, 13, 9.75 ], "rotation": 270, "texture": "#texture" },
        "north": { "uv": [ 13, 8.25, 13.25, 9.75 ], "rotation": 90, "texture": "#texture" },
        "south": { "uv": [ 14.25, 9.75, 14.5, 8.25 ], "rotation": 90, "texture": "#texture" },
        "west":  { "uv": [ 13, 8.25, 14.5, 8.5 ], "texture": "#texture" },
        "east":  { "uv": [ 14.5, 9.5, 13, 9.75 ], "texture": "#texture" }
    }
},
{
    "from": [ 6, 8.5, 14 ],
    "to": [ 8, 14.5, 16 ],
    "rotation": { "origin": [ 6, 14.5, 14 ], "axis": "x", "angle": 45 },
    "faces": {
        "down":  { "uv": [ 10, 9, 10.5, 9.5 ], "texture": "#texture" },
        "up":    { "uv": [ 10, 8, 10.5, 8.5 ], "texture": "#texture" },
        "north": { "uv": [ 10, 8, 10.5, 9.5 ], "texture": "#texture" },
        "south": { "uv": [ 10, 8, 10.5, 9.5 ], "texture": "#texture" },
        "west":  { "uv": [ 10, 8, 10.5, 9.5 ], "texture": "#texture" },
        "east":  { "uv": [ 10, 8, 10.5, 9.5 ], "texture": "#texture" }
    }
},
{
    "from": [ 6.5, 13.25, 14.25 ],
    "to": [ 7.5, 16.5, 15.25 ],
    "faces": {
        "down":  { "uv": [ 9.5, 8.75, 9.75, 9 ], "texture": "#texture" },
        "up":    { "uv": [ 9.5, 8, 9.75, 8.25 ], "texture": "#texture" },
        "north": { "uv": [ 9.5, 8, 9.75, 8.75 ], "texture": "#texture" },
        "south": { "uv": [ 9.5, 8, 9.75, 8.75 ], "texture": "#texture" },
        "west":  { "uv": [ 9.5, 8, 9.75, 8.75 ], "texture": "#texture" },
        "east":  { "uv": [ 9.5, 8, 9.75, 8.75 ], "texture": "#texture" }
    }
},
{
    "from": [ 6, 7, 0.75 ],
    "to": [ 8, 13, 2.75 ],
    "rotation": { "origin": [ 6, 13, 0.75 ], "axis": "x", "angle": -45 },
    "faces": {
        "down":  { "uv": [ 10, 9, 10.5, 9.5 ], "texture": "#texture" },
        "up":    { "uv": [ 10, 8, 10.5, 8.5 ], "texture": "#texture" },
        "north": { "uv": [ 10, 8, 10.5, 9.5 ], "texture": "#texture" },
        "south": { "uv": [ 10, 8, 10.5, 9.5 ], "texture": "#texture" },
        "west":  { "uv": [ 10, 8, 10.5, 9.5 ], "texture": "#texture" },
        "east":  { "uv": [ 10, 8, 10.5, 9.5 ], "texture": "#texture" }
    }
},
{
    "from": [ 6.5, 13.25, 1 ],
    "to": [ 7.5, 16.5, 2 ],
    "faces": {
        "down":  { "uv": [ 9.5, 8.75, 9.75, 9 ], "texture": "#texture" },
        "up":    { "uv": [ 9.5, 8, 9.75, 8.25 ], "texture": "#texture" },
        "north": { "uv": [ 9.5, 8, 9.75, 8.75 ], "texture": "#texture" },
        "south": { "uv": [ 9.5, 8, 9.75, 8.75 ], "texture": "#texture" },
        "west":  { "uv": [ 9.5, 8, 9.75, 8.75 ], "texture": "#texture" },
        "east":  { "uv": [ 9.5, 8, 9.75, 8.75 ], "texture": "#texture" }
    }
}
],
"display": {
    "thirdperson_righthand": {
        "rotation": [ 10, -45, -45 ],
        "translation": [ 0, 1.7, -0.94 ],
        "scale": [ 0.37, 0.37, 0.37 ]
    },
    "thirdperson_lefthand": {
        "rotation": [ 180, 150, -180 ],
        "translation": [ 0, 1.7, -0.94 ],
        "scale": [ 0.37, 0.37, 0.37 ]
    },
    "head": {
        "rotation": [ 0, -90, 0 ],
        "translation": [ 0, 7, 0 ],
        "scale": [ 1.75, 1.75, 1.75 ]
    },
    "ground": {
        "rotation": [ 0, 0, 0 ],
        "translation": [ 0, 4.72, 0 ],
        "scale": [ 0.35, 0.35, 0.35 ]
    },
    "fixed": {
        "rotation": [ 0, -90, 0 ],
        "translation": [ 0, 0, 0 ],
        "scale": [ 1, 1, 1 ]
    },
    "firstperson_righthand": {
        "rotation": [ 0, 28, 0 ],
        "translation": [ 0, 4.16, 1.13 ],
        "scale": [ 0.5, 0.5, 0.5 ]
    },
    "firstperson_lefthand": {
        "rotation": [ 0, -150, 0 ],
        "translation": [ 0, 4.16, -0.19 ],
        "scale": [ 0.5, 0.5, 0.5 ]
    },
    "gui": {
        "rotation": [ 45, 135, 0 ],
        "translation": [ 0, 0, 0 ],
        "scale": [ 0.75, 0.75, 0.75 ]
    }
}
}