{
"__comment": "Designed by MasterianoX",
"textures": {
    "particle": "entity/manatee/manatee",
    "texture": "entity/manatee/manatee",
    "manatee_animated": "entity/manatee/manatee_animated"
},
"elements": [ 
{
    "from": [ -2.5, 0, 6.625 ],
    "to": [ -0.5, 3, 9.625 ],
    "faces": {
        "down":  { "uv": [ 1.25, 0, 2, 0.5 ], "rotation": 90, "texture": "#texture" },
        "up":    { "uv": [ 0.5, 0, 1.25, 0.5 ], "rotation": 180, "texture": "#texture" },
        "north": { "uv": [ 0, 0.5, 0.5, 1.25 ], "texture": "#texture" },
        "south": { "uv": [ 1.25, 0.5, 1.75, 1.25 ], "texture": "#texture" },
        "west":  { "uv": [ 0.5, 0.5, 1.25, 1.25 ], "texture": "#texture" },
        "east":  { "uv": [ 1.75, 0.5, 2.5, 1.25 ], "texture": "#texture" }
    }
},
{
    "from": [ -2.5, 0, 6.125 ],
    "to": [ 0.5, 3, 10.125 ],
    "rotation": { "origin": [ -2.5, 3, 6.125 ], "axis": "z", "angle": 22.5 },
    "faces": {
        "down":  { "uv": [ 4.25, 0, 5.25, 0.75 ], "rotation": 90, "texture": "#texture" },
        "up":    { "uv": [ 3.25, 0, 4.25, 0.75 ], "rotation": 90, "texture": "#texture" },
        "north": { "uv": [ 2.5, 0.75, 3.25, 1.5 ], "texture": "#texture" },
        "south": { "uv": [ 4.25, 0.75, 5, 1.5 ], "texture": "#texture" },
        "west":  { "uv": [ 3.25, 0.75, 4.25, 1.5 ], "texture": "#texture" },
        "east":  { "uv": [ 3.25, 0.75, 4.25, 1.5 ], "texture": "#texture" }
    }
},
{
    "from": [ -1, 0.5, 6.625 ],
    "to": [ 1.5, 1.5, 9.625 ],
    "faces": {
        "down":  { "uv": [ 3.25, 1.25, 4.5, 1.5 ], "texture": "#texture" },
        "up":    { "uv": [ 3.25, 1.25, 4.5, 1.5 ], "texture": "#texture" },
        "north": { "uv": [ 3.25, 1.25, 4.25, 1.5 ], "texture": "#texture" },
        "south": { "uv": [ 3.25, 1.25, 4.25, 1.5 ], "texture": "#texture" },
        "west":  { "uv": [ 3.5, 1.25, 4.25, 1.5 ], "texture": "#texture" },
        "east":  { "uv": [ 3.5, 1.25, 4.25, 1.5 ], "texture": "#texture" }
    }
},
{
    "from": [ -0.25, 0, 5.625 ],
    "to": [ 4.25, 4.5, 10.625 ],
    "rotation": { "origin": [ -0.25, 4.5, 5.625 ], "axis": "z", "angle": 22.5 },
    "faces": {
        "down":  { "uv": [ 1.125, 3.625, 2.25, 3.875 ], "texture": "#texture" },
        "up":    { "uv": [ 1.125, 1.625, 2.375, 2.75 ], "rotation": 90, "texture": "#texture" },
        "north": { "uv": [ 0, 2.75, 1.125, 3.875 ], "texture": "#texture" },
        "south": { "uv": [ 2.375, 2.75, 3.5, 3.875 ], "texture": "#texture" },
        "west":  { "uv": [ 1.125, 2.75, 2.375, 3.875 ], "texture": "#texture" },
        "east":  { "uv": [ 1.125, 2.75, 2.375, 3.875 ], "texture": "#texture" }
    }
},
{
    "from": [ 3.5, 0.5, 4.625 ],
    "to": [ 7.5, 6.5, 11.625 ],
    "faces": {
        "down":  { "uv": [ 6.375, 1.75, 8.125, 2.75 ], "rotation": 90, "texture": "#texture" },
        "up":    { "uv": [ 4.625, 1.75, 6.375, 2.75 ], "rotation": 90, "texture": "#texture" },
        "north": { "uv": [ 3.625, 2.75, 4.625, 4.25 ], "texture": "#texture" },
        "south": { "uv": [ 6.375, 2.75, 7.375, 4.25 ], "texture": "#texture" },
        "west":  { "uv": [ 4.625, 2.75, 6.375, 4.25 ], "texture": "#texture" },
        "east":  { "uv": [ 4.625, 2.75, 6.5, 4.25 ], "texture": "#texture" }
    }
},
{
    "from": [ 7.5, 0, 4.125 ],
    "to": [ 13.5, 7, 12.125 ],
    "faces": {
        "down":  { "uv": [ 11.875, 0.25, 14, 1.75 ], "rotation": 90, "texture": "#texture" },
        "up":    { "uv": [ 9.75, 0.25, 11.875, 1.75 ], "rotation": 90, "texture": "#texture" },
        "north": { "uv": [ 11.75, 1.75, 13.25, 3.5 ], "texture": "#texture" },
        "south": { "uv": [ 8.25, 1.75, 9.75, 3.5 ], "texture": "#texture" },
        "west":  { "uv": [ 9.75, 1.75, 11.875, 3.5 ], "texture": "#texture" },
        "east":  { "uv": [ 9.75, 1.75, 11.875, 3.5 ], "texture": "#texture" }
    }
},
{
    "from": [ 4, 2, 11.625 ],
    "to": [ 5, 2.5, 13.625 ],
    "rotation": { "origin": [ 4, 2.5, 11.625 ], "axis": "x", "angle": 22.5 },
    "faces": {
        "down":  { "uv": [ 0.5, 2, 1.5, 0 ], "texture": "#manatee_animated" },
        "up":    { "uv": [ 0.5, 0, 1.5, 2 ], "texture": "#manatee_animated" },
        "north": { "uv": [ 1.5, 0, 0.5, 0.5 ], "texture": "#manatee_animated" },
        "south": { "uv": [ 0.5, 1.5, 1.5, 2 ], "texture": "#manatee_animated" },
        "west":  { "uv": [ 0.5, 0, 1, 2 ], "rotation": 90, "texture": "#manatee_animated" },
        "east":  { "uv": [ 1, 0, 1.5, 2 ], "rotation": 90, "texture": "#manatee_animated" }
    }
},
{
    "from": [ 3.5, 1.25, 13.375 ],
    "to": [ 5.5, 1.75, 16.375 ],
    "rotation": { "origin": [ 3.5, 1.75, 13.375 ], "axis": "x", "angle": 22.5 },
    "faces": {
        "down":  { "uv": [ 0, 5.5, 2, 2.5 ], "texture": "#manatee_animated" },
        "up":    { "uv": [ 0, 2.5, 2, 5.5 ], "texture": "#manatee_animated" },
        "north": { "uv": [ 1.875, 2.5, 0, 3 ], "texture": "#manatee_animated" },
        "south": { "uv": [ 0, 5, 2, 5.5 ], "texture": "#manatee_animated" },
        "west":  { "uv": [ 0, 2.5, 0.5, 5.5 ], "rotation": 90, "texture": "#manatee_animated" },
        "east":  { "uv": [ 1.5, 2.5, 2, 5.5 ], "rotation": 90, "texture": "#manatee_animated" }
    }
},
{
    "from": [ 4, 1.375, 2.75 ],
    "to": [ 5, 1.875, 4.75 ],
    "rotation": { "origin": [ 4, 1.875, 2.75 ], "axis": "x", "angle": -22.5 },
    "faces": {
        "down":  { "uv": [ 0.5, 2, 1.5, 0 ], "texture": "#manatee_animated" },
        "up":    { "uv": [ 0.5, 0, 1.5, 2 ], "texture": "#manatee_animated" },
        "north": { "uv": [ 1.5, 0, 0.5, 0.5 ], "texture": "#manatee_animated" },
        "south": { "uv": [ 0.5, 1.5, 1.5, 2 ], "texture": "#manatee_animated" },
        "west":  { "uv": [ 0.5, 0, 1, 2 ], "rotation": 90, "texture": "#manatee_animated" },
        "east":  { "uv": [ 1, 0, 1.5, 2 ], "rotation": 90, "texture": "#manatee_animated" }
    }
},
{
    "from": [ 3.5, 0.25, 0 ],
    "to": [ 5.5, 0.75, 3 ],
    "rotation": { "origin": [ 3.5, 0.75, 0 ], "axis": "x", "angle": -22.5 },
    "faces": {
        "down":  { "uv": [ 0, 5.5, 2, 2.5 ], "texture": "#manatee_animated" },
        "up":    { "uv": [ 0, 2.5, 2, 5.5 ], "texture": "#manatee_animated" },
        "north": { "uv": [ 1.875, 2.5, 0, 3 ], "texture": "#manatee_animated" },
        "south": { "uv": [ 0, 5, 2, 5.5 ], "texture": "#manatee_animated" },
        "west":  { "uv": [ 0, 2.5, 0.5, 5.5 ], "rotation": 90, "texture": "#manatee_animated" },
        "east":  { "uv": [ 1.5, 2.5, 2, 5.5 ], "rotation": 90, "texture": "#manatee_animated" }
    }
},
{
    "from": [ 13.5, 0.5, 4.625 ],
    "to": [ 16.5, 6.5, 11.625 ],
    "faces": {
        "down":  { "uv": [ 6.375, 1.75, 8.125, 2.5 ], "rotation": 90, "texture": "#texture" },
        "up":    { "uv": [ 4.625, 1.75, 6.375, 2.5 ], "rotation": 90, "texture": "#texture" },
        "north": { "uv": [ 3.875, 2.75, 4.625, 4.25 ], "texture": "#texture" },
        "south": { "uv": [ 6.375, 2.75, 7.125, 4.25 ], "texture": "#texture" },
        "west":  { "uv": [ 4.625, 2.75, 6.375, 4.25 ], "texture": "#texture" },
        "east":  { "uv": [ 4.625, 2.75, 6.5, 4.25 ], "texture": "#texture" }
    }
},
{
    "from": [ 16.5, 1, 5.125 ],
    "to": [ 19.5, 6, 11.125 ],
    "rotation": { "origin": [ 16.5, 6, 5.125 ], "axis": "z", "angle": -22.5 },
    "faces": {
        "down":  { "uv": [ 2.25, 4.375, 3.75, 5.125 ], "rotation": 90, "texture": "#texture" },
        "up":    { "uv": [ 0.75, 4.375, 2.25, 5.125 ], "rotation": 90, "texture": "#texture" },
        "north": { "uv": [ 0, 5.125, 0.75, 6.375 ], "texture": "#texture" },
        "south": { "uv": [ 2.25, 5.125, 3, 6.375 ], "texture": "#texture" },
        "west":  { "uv": [ 0.875, 5.125, 2.375, 6.375 ], "texture": "#texture" },
        "east":  { "uv": [ 0.875, 5.125, 2.375, 6.375 ], "texture": "#texture" }
    }
},
{
    "from": [ 17.5, 1, 5.625 ],
    "to": [ 21.5, 4, 10.625 ],
    "faces": {
        "down":  { "uv": [ 12.125, 0.5, 13.375, 1.5 ], "rotation": 90, "texture": "#texture" },
        "up":    { "uv": [ 10, 0.625, 11.25, 1.625 ], "rotation": 90, "texture": "#texture" },
        "north": { "uv": [ 0, 5.25, 1, 6 ], "texture": "#texture" },
        "south": { "uv": [ 2, 5.125, 3, 5.875 ], "texture": "#texture" },
        "west":  { "uv": [ 0, 5.25, 1.25, 6 ], "texture": "#texture" },
        "east":  { "uv": [ 1.75, 5.25, 3, 6 ], "texture": "#texture" }
    }
},
{
    "from": [ 20.5, 2, 4.625 ],
    "to": [ 24.5, 2.5, 11.625 ],
    "rotation": { "origin": [ 20.5, 2.5, 4.625 ], "axis": "z", "angle": 22.5 },
    "faces": {
        "down":  { "uv": [ 3.875, 4.375, 5.625, 5.375 ], "rotation": 90, "texture": "#texture" },
        "up":    { "uv": [ 3.875, 4.375, 5.625, 5.375 ], "rotation": 90, "texture": "#texture" },
        "north": { "uv": [ 3.875, 5.375, 4, 4.375 ], "rotation": 90, "texture": "#texture" },
        "south": { "uv": [ 5.5, 4.375, 5.625, 5.375 ], "rotation": 90, "texture": "#texture" },
        "west":  { "uv": [ 3.875, 4.375, 5.625, 4.5 ], "texture": "#texture" },
        "east":  { "uv": [ 3.875, 5.25, 5.625, 5.375 ], "texture": "#texture" }
    }
},
{
    "from": [ 4, 2.125, 2.625 ],
    "to": [ 5, 2.625, 4.625 ],
    "faces": {
        "down":  { "uv": [ 5.5, 2, 6.5, 0 ], "texture": "#manatee_animated" },
        "up":    { "uv": [ 5.5, 0, 6.5, 2 ], "texture": "#manatee_animated" },
        "north": { "uv": [ 6.5, 0, 5.5, 0.5 ], "texture": "#manatee_animated" },
        "south": { "uv": [ 5.5, 1.5, 6.5, 2 ], "texture": "#manatee_animated" },
        "west":  { "uv": [ 5.5, 0, 6, 2 ], "rotation": 90, "texture": "#manatee_animated" },
        "east":  { "uv": [ 6, 0, 6.5, 2 ], "rotation": 90, "texture": "#manatee_animated" }
    }
},
{
    "from": [ 3.5, 2.125, -0.375 ],
    "to": [ 5.5, 2.625, 2.625 ],
    "faces": {
        "down":  { "uv": [ 5, 5.5, 7, 2.5 ], "texture": "#manatee_animated" },
        "up":    { "uv": [ 5, 2.5, 7, 5.5 ], "texture": "#manatee_animated" },
        "north": { "uv": [ 7, 2.5, 5.125, 3 ], "texture": "#manatee_animated" },
        "south": { "uv": [ 5, 5, 7, 5.5 ], "texture": "#manatee_animated" },
        "west":  { "uv": [ 5, 2.5, 5.5, 5.5 ], "rotation": 90, "texture": "#manatee_animated" },
        "east":  { "uv": [ 6.5, 2.5, 7, 5.5 ], "rotation": 90, "texture": "#manatee_animated" }
    }
},
{
    "from": [ 4, 2, 11.625 ],
    "to": [ 5, 2.5, 13.625 ],
    "faces": {
        "down":  { "uv": [ 5.5, 2, 6.5, 0 ], "texture": "#manatee_animated" },
        "up":    { "uv": [ 5.5, 0, 6.5, 2 ], "texture": "#manatee_animated" },
        "north": { "uv": [ 6.5, 0, 5.5, 0.5 ], "texture": "#manatee_animated" },
        "south": { "uv": [ 5.5, 1.5, 6.5, 2 ], "texture": "#manatee_animated" },
        "west":  { "uv": [ 5.5, 0, 6, 2 ], "rotation": 90, "texture": "#manatee_animated" },
        "east":  { "uv": [ 6, 0, 6.5, 2 ], "rotation": 90, "texture": "#manatee_animated" }
    }
},
{
    "from": [ 3.5, 2, 13.625 ],
    "to": [ 5.5, 2.5, 16.625 ],
    "faces": {
        "down":  { "uv": [ 5, 5.5, 7, 2.5 ], "texture": "#manatee_animated" },
        "up":    { "uv": [ 5, 2.5, 7, 5.5 ], "texture": "#manatee_animated" },
        "north": { "uv": [ 7, 2.5, 5.125, 3 ], "texture": "#manatee_animated" },
        "south": { "uv": [ 5, 5, 7, 5.5 ], "texture": "#manatee_animated" },
        "west":  { "uv": [ 5, 2.5, 5.5, 5.5 ], "rotation": 90, "texture": "#manatee_animated" },
        "east":  { "uv": [ 6.5, 2.5, 7, 5.5 ], "rotation": 90, "texture": "#manatee_animated" }
    }
},
{
    "from": [ 4, 3, 3 ],
    "to": [ 5, 3.5, 5 ],
    "rotation": { "origin": [ 4, 3.5, 3 ], "axis": "x", "angle": 22.5 },
    "faces": {
        "down":  { "uv": [ 10.5, 2, 11.5, 0 ], "texture": "#manatee_animated" },
        "up":    { "uv": [ 10.5, 0, 11.5, 2 ], "texture": "#manatee_animated" },
        "north": { "uv": [ 11.5, 0, 10.5, 0.5 ], "texture": "#manatee_animated" },
        "south": { "uv": [ 10.5, 1.5, 11.5, 2 ], "texture": "#manatee_animated" },
        "west":  { "uv": [ 10.5, 0, 11, 2 ], "rotation": 90, "texture": "#manatee_animated" },
        "east":  { "uv": [ 11, 0, 11.5, 2 ], "rotation": 90, "texture": "#manatee_animated" }
    }
},
{
    "from": [ 3.5, 4.125, 0.25 ],
    "to": [ 5.5, 4.625, 3.25 ],
    "rotation": { "origin": [ 3.5, 4.625, 0.25 ], "axis": "x", "angle": 22.5 },
    "faces": {
        "down":  { "uv": [ 10, 5.5, 12, 2.5 ], "texture": "#manatee_animated" },
        "up":    { "uv": [ 10, 2.5, 12, 5.5 ], "texture": "#manatee_animated" },
        "north": { "uv": [ 12, 2.5, 10.125, 3 ], "texture": "#manatee_animated" },
        "south": { "uv": [ 10, 5, 12, 5.5 ], "texture": "#manatee_animated" },
        "west":  { "uv": [ 10, 2.5, 10.5, 5.5 ], "rotation": 90, "texture": "#manatee_animated" },
        "east":  { "uv": [ 11.5, 2.5, 12, 5.5 ], "rotation": 90, "texture": "#manatee_animated" }
    }
},
{
    "from": [ 4, 2.25, 11.375 ],
    "to": [ 5, 2.75, 13.375 ],
    "rotation": { "origin": [ 4, 2.75, 11.375 ], "axis": "x", "angle": -22.5 },
    "faces": {
        "down":  { "uv": [ 10.5, 2, 11.5, 0 ], "texture": "#manatee_animated" },
        "up":    { "uv": [ 10.5, 0, 11.5, 2 ], "texture": "#manatee_animated" },
        "north": { "uv": [ 11.5, 0, 10.5, 0.5 ], "texture": "#manatee_animated" },
        "south": { "uv": [ 10.5, 1.5, 11.5, 2 ], "texture": "#manatee_animated" },
        "west":  { "uv": [ 10.5, 0, 11, 2 ], "rotation": 90, "texture": "#manatee_animated" },
        "east":  { "uv": [ 11, 0, 11.5, 2 ], "rotation": 90, "texture": "#manatee_animated" }
    }
},
{
    "from": [ 3.5, 3, 13.125 ],
    "to": [ 5.5, 3.5, 16.125 ],
    "rotation": { "origin": [ 3.5, 3.5, 13.125 ], "axis": "x", "angle": -22.5 },
    "faces": {
        "down":  { "uv": [ 10, 5.5, 12, 2.5 ], "texture": "#manatee_animated" },
        "up":    { "uv": [ 10, 2.5, 12, 5.5 ], "texture": "#manatee_animated" },
        "north": { "uv": [ 12, 2.5, 10.125, 3 ], "texture": "#manatee_animated" },
        "south": { "uv": [ 10, 5, 12, 5.5 ], "texture": "#manatee_animated" },
        "west":  { "uv": [ 10, 2.5, 10.5, 5.5 ], "rotation": 90, "texture": "#manatee_animated" },
        "east":  { "uv": [ 11.5, 2.5, 12, 5.5 ], "rotation": 90, "texture": "#manatee_animated" }
    }
}
],
"display": {
    "thirdperson_righthand": {
        "rotation": [ 0, 0, 0 ],
        "translation": [ 0, -0.38, -1.7 ],
        "scale": [ 0.5, 0.5, 0.5 ]
    },
    "thirdperson_lefthand": {
        "rotation": [ 0, 0, 0 ],
        "translation": [ 0, -0.38, -1.7 ],
        "scale": [ 0.5, 0.5, 0.5 ]
    },
    "head": {
        "rotation": [ 0, -90, 0 ],
        "translation": [ 0, -20.79, -7.75 ],
        "scale": [ 3, 3, 3 ]
    },
    "ground": {
        "rotation": [ 0, 0, 0 ],
        "translation": [ 0, 3.78, 0 ],
        "scale": [ 0.5, 0.5, 0.5 ]
    },
    "fixed": {
        "rotation": [ 0, 0, 0 ],
        "translation": [ -2.08, 1.13, 0 ],
        "scale": [ 0.7, 0.7, 0.7 ]
    },
    "firstperson_righthand": {
        "rotation": [ 0, -90, -44 ],
        "translation": [ 0, 4.35, 1.32 ],
        "scale": [ 0.5, 0.5, 0.5 ]
    },
    "firstperson_lefthand": {
        "rotation": [ 0, 90, 44 ],
        "translation": [ 0, 4.35, 1.32 ],
        "scale": [ 0.5, 0.5, 0.5 ]
    },
    "gui": {
        "rotation": [ 45, 135, 0 ],
        "translation": [ 0.76, 0.38, 0 ],
        "scale": [ 0.5, 0.5, 0.5 ]
    }
}
}