{
"__comment": "Designed by MasterianoX",
"textures": {
    "particle": "entity/snork/snork",
    "texture": "entity/snork/snork"
},
"elements": [ 
{
    "from": [ -5, 8, 5 ],
    "to": [ -3, 11, 11 ],
    "faces": {
        "down":  { "uv": [ 2, 0, 3.5, 0.5 ], "rotation": 90, "texture": "#texture" },
        "up":    { "uv": [ 0.5, 0, 2, 0.5 ], "rotation": 90, "texture": "#texture" },
        "north": { "uv": [ 0, 0.5, 0.5, 1.25 ], "texture": "#texture" },
        "south": { "uv": [ 2, 0.5, 2.5, 1.25 ], "texture": "#texture" },
        "west":  { "uv": [ 0.5, 0.5, 2, 1.25 ], "texture": "#texture" },
        "east":  { "uv": [ 2.5, 0.5, 4, 1.25 ], "texture": "#texture" }
    }
},
{
    "from": [ -3, 8, 6 ],
    "to": [ 5, 10, 10 ],
    "faces": {
        "down":  { "uv": [ 3, 1.5, 4, 3.5 ], "rotation": 90, "texture": "#texture" },
        "up":    { "uv": [ 2, 1.5, 3, 3.5 ], "rotation": 90, "texture": "#texture" },
        "north": { "uv": [ 0, 3.5, 2, 4 ], "texture": "#texture" },
        "south": { "uv": [ 3, 3.5, 5, 4 ], "texture": "#texture" },
        "west":  { "uv": [ 2, 3.5, 3, 4 ], "texture": "#texture" },
        "east":  { "uv": [ 5, 3.5, 6, 4 ], "texture": "#texture" }
    }
},
{
    "from": [ 5, 8, 5 ],
    "to": [ 9, 11, 11 ],
    "faces": {
        "down":  { "uv": [ 2.5, 4.25, 4, 5.25 ], "rotation": 90, "texture": "#texture" },
        "up":    { "uv": [ 1, 4.25, 2.5, 5.25 ], "rotation": 90, "texture": "#texture" },
        "north": { "uv": [ 0, 5.25, 1, 6 ], "texture": "#texture" },
        "south": { "uv": [ 2.5, 5.25, 3.5, 6 ], "texture": "#texture" },
        "west":  { "uv": [ 1, 5.25, 2.5, 6 ], "texture": "#texture" },
        "east":  { "uv": [ 3.5, 5.25, 5, 6 ], "texture": "#texture" }
    }
},
{
    "from": [ 9, 8, 4 ],
    "to": [ 15, 12, 12 ],
    "faces": {
        "down":  { "uv": [ 7.75, 0, 9.75, 1.5 ], "rotation": 90, "texture": "#texture" },
        "up":    { "uv": [ 5.75, 0, 7.75, 1.5 ], "rotation": 90, "texture": "#texture" },
        "north": { "uv": [ 4.25, 1.5, 5.75, 2.5 ], "texture": "#texture" },
        "south": { "uv": [ 7.75, 1.5, 9.25, 2.5 ], "texture": "#texture" },
        "west":  { "uv": [ 5.75, 1.5, 7.75, 2.5 ], "texture": "#texture" },
        "east":  { "uv": [ 9.25, 1.5, 11.25, 2.5 ], "texture": "#texture" }
    }
},
{
    "from": [ -2.25, 1.75, 6 ],
    "to": [ 14.75, 3.75, 10 ],
    "rotation": { "origin": [ -2.25, 3.75, 6 ], "axis": "z", "angle": 22.5 },
    "faces": {
        "down":  { "uv": [ 5.25, 6.25, 6.25, 10.5 ], "rotation": 90, "texture": "#texture" },
        "up":    { "uv": [ 5.25, 6.25, 4.25, 10.5 ], "rotation": 90, "texture": "#texture" },
        "north": { "uv": [ 0, 10.5, 4.25, 11 ], "texture": "#texture" },
        "south": { "uv": [ 5.25, 10.5, 9.5, 11 ], "texture": "#texture" },
        "west":  { "uv": [ 4.25, 10.5, 5.25, 11 ], "texture": "#texture" },
        "east":  { "uv": [ 9.5, 10.5, 10.5, 11 ], "texture": "#texture" }
    }
},
{
    "from": [ 11, 2, 4.5 ],
    "to": [ 16, 8, 11.5 ],
    "rotation": { "origin": [ 11, 8, 4.5 ], "axis": "z", "angle": 45 },
    "faces": {
        "down":  { "uv": [ 10.5, 2.75, 12.25, 4 ], "texture": "#texture" },
        "up":    { "uv": [ 8.75, 2.75, 10.5, 4 ], "texture": "#texture" },
        "north": { "uv": [ 7.5, 4, 8.75, 5.5 ], "texture": "#texture" },
        "south": { "uv": [ 10.5, 4, 11.75, 5.5 ], "texture": "#texture" },
        "west":  { "uv": [ 8.75, 4, 10.5, 5.5 ], "texture": "#texture" },
        "east":  { "uv": [ 11.75, 4, 13.5, 5.5 ], "texture": "#texture" }
    }
},
{
    "from": [ 13.5, -0.5, 3.5 ],
    "to": [ 19.5, 5.5, 12.5 ],
    "rotation": { "origin": [ 13.5, 5.5, 3.5 ], "axis": "z", "angle": 22.5 },
    "faces": {
        "down":  { "uv": [ 10.25, 5.75, 12.5, 7.25 ], "rotation": 90, "texture": "#texture" },
        "up":    { "uv": [ 8, 5.75, 10.25, 7.25 ], "rotation": 90, "texture": "#texture" },
        "north": { "uv": [ 6.5, 7.25, 8, 8.75 ], "texture": "#texture" },
        "south": { "uv": [ 10.25, 7.25, 11.75, 8.75 ], "texture": "#texture" },
        "west":  { "uv": [ 8, 7.25, 10.25, 8.75 ], "texture": "#texture" },
        "east":  { "uv": [ 11.75, 7.25, 14, 8.75 ], "texture": "#texture" }
    }
},
{
    "from": [ 9.625, 9.5625, 11 ],
    "to": [ 11.625, 11.5625, 13 ],
    "rotation": { "origin": [ 9.625, 11.5625, 11 ], "axis": "z", "angle": 45 },
    "faces": {
        "down":  { "uv": [ 7.75, 2.75, 8.25, 3.25 ], "texture": "#texture" },
        "up":    { "uv": [ 7, 2.75, 7.5, 3.25 ], "texture": "#texture" },
        "north": { "uv": [ 6.25, 2.75, 6.75, 3.25 ], "texture": "#texture" },
        "south": { "uv": [ 6.25, 2.75, 6.75, 3.25 ], "texture": "#texture" },
        "west":  { "uv": [ 6.75, 2.75, 6.25, 3.25 ], "texture": "#texture" },
        "east":  { "uv": [ 6.75, 2.75, 6.25, 3.25 ], "texture": "#texture" }
    }
},
{
    "from": [ 9.625, 9.5625, 3 ],
    "to": [ 11.625, 11.5625, 5 ],
    "rotation": { "origin": [ 9.625, 11.5625, 3 ], "axis": "z", "angle": 45 },
    "faces": {
        "down":  { "uv": [ 7.75, 2.75, 8.25, 3.25 ], "texture": "#texture" },
        "up":    { "uv": [ 7, 2.75, 7.5, 3.25 ], "texture": "#texture" },
        "north": { "uv": [ 6.25, 2.75, 6.75, 3.25 ], "texture": "#texture" },
        "south": { "uv": [ 6.25, 2.75, 6.75, 3.25 ], "texture": "#texture" },
        "west":  { "uv": [ 6.75, 2.75, 6.25, 3.25 ], "texture": "#texture" },
        "east":  { "uv": [ 6.75, 2.75, 6.25, 3.25 ], "texture": "#texture" }
    }
},
{
    "from": [ 11.6875, 10.9179, 6 ],
    "to": [ 12.6875, 11.9179, 7 ],
    "rotation": { "origin": [ 11.6875, 11.9179, 6 ], "axis": "z", "angle": 45 },
    "faces": {
        "down":  { "uv": [ 7, 2.75, 7.25, 3 ], "texture": "#texture" },
        "up":    { "uv": [ 7, 2.75, 7.25, 3 ], "texture": "#texture" },
        "north": { "uv": [ 7, 2.75, 7.25, 3 ], "texture": "#texture" },
        "south": { "uv": [ 7, 2.75, 7.25, 3 ], "texture": "#texture" },
        "west":  { "uv": [ 7, 2.75, 7.25, 3 ], "texture": "#texture" },
        "east":  { "uv": [ 7, 2.75, 7.25, 3 ], "texture": "#texture" }
    }
},
{
    "from": [ 11.625, 11, 9 ],
    "to": [ 12.625, 12, 10 ],
    "rotation": { "origin": [ 11.625, 12, 9 ], "axis": "z", "angle": 45 },
    "faces": {
        "down":  { "uv": [ 7, 2.75, 7.25, 3 ], "texture": "#texture" },
        "up":    { "uv": [ 7, 2.75, 7.25, 3 ], "texture": "#texture" },
        "north": { "uv": [ 7, 2.75, 7.25, 3 ], "texture": "#texture" },
        "south": { "uv": [ 7, 2.75, 7.25, 3 ], "texture": "#texture" },
        "west":  { "uv": [ 7, 2.75, 7.25, 3 ], "texture": "#texture" },
        "east":  { "uv": [ 7, 2.75, 7.25, 3 ], "texture": "#texture" }
    }
},
{
    "from": [ -3, 2.75, 5.75 ],
    "to": [ 14, 4.75, 10.25 ],
    "rotation": { "origin": [ -3, 4.75, 5.75 ], "axis": "z", "angle": 22.5 },
    "faces": {
        "down":  { "uv": [ 6.5, 11.75, 5.5, 16 ], "rotation": 90, "texture": "#texture" },
        "up":    { "uv": [ 6.5, 11.75, 5.5, 16 ], "rotation": 90, "texture": "#texture" },
        "north": { "uv": [ 0, 11.25, 4.25, 11.75 ], "texture": "#texture" },
        "south": { "uv": [ 5.25, 11.25, 9.5, 11.75 ], "texture": "#texture" },
        "west":  { "uv": [ 4.25, 11.25, 5.25, 11.75 ], "texture": "#texture" },
        "east":  { "uv": [ 9.5, 11.25, 10.5, 11.75 ], "texture": "#texture" }
    }
},
{
    "from": [ -3.5, 7, 5.75 ],
    "to": [ 5, 9, 10.25 ],
    "faces": {
        "down":  { "uv": [ 3, 12, 4, 14 ], "rotation": 90, "texture": "#texture" },
        "up":    { "uv": [ 1, 12, 2, 14 ], "rotation": 90, "texture": "#texture" },
        "north": { "uv": [ 0, 14, 2, 14.5 ], "texture": "#texture" },
        "south": { "uv": [ 3, 14, 5, 14.5 ], "texture": "#texture" },
        "west":  { "uv": [ 2, 14, 3, 14.5 ], "texture": "#texture" },
        "east":  { "uv": [ 5, 14, 6, 14.5 ], "texture": "#texture" }
    }
},
{
    "from": [ 15.25, 7.75, 7 ],
    "to": [ 18.25, 10.75, 9 ],
    "faces": {
        "down":  { "uv": [ 0.5, 7.75, 1, 8.5 ], "rotation": 90, "texture": "#texture" },
        "up":    { "uv": [ 0.5, 6.25, 1, 7 ], "rotation": 90, "texture": "#texture" },
        "north": { "uv": [ 0, 7, 0.75, 7.75 ], "texture": "#texture" },
        "south": { "uv": [ 0.75, 7, 1.5, 7.75 ], "texture": "#texture" },
        "west":  { "uv": [ 0.5, 7, 1, 7.75 ], "texture": "#texture" },
        "east":  { "uv": [ 1.75, 7, 2.25, 7.75 ], "texture": "#texture" }
    }
},
{
    "from": [ 19.25, 3.75, 7 ],
    "to": [ 22.25, 6.75, 9 ],
    "rotation": { "origin": [ 19.25, 6.75, 7 ], "axis": "z", "angle": -22.5 },
    "faces": {
        "down":  { "uv": [ 2.25, 9.5, 2.75, 10.25 ], "rotation": 90, "texture": "#texture" },
        "up":    { "uv": [ 2.25, 8, 2.75, 8.75 ], "rotation": 90, "texture": "#texture" },
        "north": { "uv": [ 1.75, 8.75, 2.5, 9.5 ], "texture": "#texture" },
        "south": { "uv": [ 2.5, 8.75, 3.25, 9.5 ], "texture": "#texture" },
        "west":  { "uv": [ 2.25, 8.75, 2.75, 9.5 ], "texture": "#texture" },
        "east":  { "uv": [ 3.5, 8.75, 4, 9.5 ], "texture": "#texture" }
    }
}
],
"display": {
    "thirdperson_righthand": {
        "rotation": [ 10, -45, 170 ],
        "translation": [ 0, 1.5, -2.75 ],
        "scale": [ 0.375, 0.375, 0.375 ]
    },
    "thirdperson_lefthand": {
        "rotation": [ 10, -45, 170 ],
        "translation": [ 0, 1.5, -2.75 ],
        "scale": [ 0.375, 0.375, 0.375 ]
    },
    "head": {
        "rotation": [ 0, -90, -6 ],
        "translation": [ 0, 0, -13.61 ],
        "scale": [ 1.5, 1.5, 1.5 ]
    },
    "ground": {
        "rotation": [ 0, 0, 0 ],
        "translation": [ 0, 5.29, 0 ],
        "scale": [ 0.5, 0.5, 0.5 ]
    },
    "fixed": {
        "rotation": [ 0, 0, 0 ],
        "translation": [ 0, 0, 0 ],
        "scale": [ 0.5, 0.5, 0.5 ]
    },
    "firstperson_righthand": {
        "rotation": [ 0, 0, -27 ],
        "translation": [ 2.65, 0, -7.37 ],
        "scale": [ 1, 1, 1 ]
    },
    "firstperson_lefthand": {
        "rotation": [ 0, -180, 27 ],
        "translation": [ 2.65, 0, -7.37 ],
        "scale": [ 1, 1, 1 ]
    },
    "gui": {
        "rotation": [ 0, 135, 0 ],
        "translation": [ 0, 0, 0 ],
        "scale": [ 0.5, 0.5, 0.5 ]
    }
}
}