{
"__comment": "Designed by MasterianoX",
"textures": {
    "particle": "entity/npcs/alien",
    "texture": "entity/npcs/alien"
},
"elements": [ 
{
    "from": [ 4, 4, 7 ],
    "to": [ 12, 13, 11 ],
    "rotation": { "origin": [ 4, 13, 7 ], "axis": "x", "angle": 45 },
    "faces": {
        "down":  { "uv": [ 3, 5.25, 5, 6.25 ], "texture": "#texture" },
        "up":    { "uv": [ 1, 5.25, 3, 6.25 ], "texture": "#texture" },
        "north": { "uv": [ 4, 6.25, 6, 8.5 ], "texture": "#texture" },
        "south": { "uv": [ 1, 6.25, 3, 8.5 ], "texture": "#texture" },
        "west":  { "uv": [ 0, 6.25, 1, 8.5 ], "texture": "#texture" },
        "east":  { "uv": [ 3, 6.25, 4, 8.5 ], "texture": "#texture" }
    }
},
{
    "from": [ 9, -1, 11 ],
    "to": [ 12, 8, 14 ],
    "faces": {
        "down":  { "uv": [ 5.5, 0, 6.25, 0.75 ], "texture": "#texture" },
        "up":    { "uv": [ 4.5, 0, 5.25, 0.25 ], "texture": "#texture" },
        "north": { "uv": [ 4.5, 0, 5.25, 2.25 ], "texture": "#texture" },
        "south": { "uv": [ 4.5, 0, 5.25, 2.25 ], "texture": "#texture" },
        "west":  { "uv": [ 4.5, 0, 5.25, 2.25 ], "texture": "#texture" },
        "east":  { "uv": [ 4.5, 0, 5.25, 2.25 ], "texture": "#texture" }
    }
},
{
    "from": [ 3, 8, 7 ],
    "to": [ 13, 17, 15 ],
    "faces": {
        "down":  { "uv": [ 10.25, 0, 12.75, 2 ], "texture": "#texture" },
        "up":    { "uv": [ 7.75, 0, 10.25, 2 ], "texture": "#texture" },
        "north": { "uv": [ 7.75, 2, 10.25, 4.25 ], "texture": "#texture" },
        "south": { "uv": [ 12.25, 2, 14.75, 4.25 ], "texture": "#texture" },
        "west":  { "uv": [ 12.25, 2, 10.25, 4.25 ], "texture": "#texture" },
        "east":  { "uv": [ 5.75, 2, 7.75, 4.25 ], "texture": "#texture" }
    }
},
{
    "from": [ 5, 14, 12 ],
    "to": [ 11, 20, 17 ],
    "rotation": { "origin": [ 5, 20, 12 ], "axis": "x", "angle": -22.5 },
    "faces": {
        "down":  { "uv": [ 2.75, 2.25, 4.25, 3.5 ], "texture": "#texture" },
        "up":    { "uv": [ 1.25, 2.25, 2.75, 3.5 ], "texture": "#texture" },
        "north": { "uv": [ 1.25, 3.5, 2.75, 5 ], "texture": "#texture" },
        "south": { "uv": [ 4, 3.5, 5.5, 5 ], "texture": "#texture" },
        "west":  { "uv": [ 0, 3.5, 1.25, 5 ], "texture": "#texture" },
        "east":  { "uv": [ 2.75, 3.5, 4, 5 ], "texture": "#texture" }
    }
},
{
    "from": [ 6, 11, 15 ],
    "to": [ 10, 16, 18 ],
    "faces": {
        "down":  { "uv": [ 1.75, 0, 2.75, 0.75 ], "texture": "#texture" },
        "up":    { "uv": [ 0.75, 0, 1.75, 0.75 ], "texture": "#texture" },
        "north": { "uv": [ 2.5, 0.75, 3.5, 2 ], "texture": "#texture" },
        "south": { "uv": [ 0.75, 0.75, 1.75, 2 ], "texture": "#texture" },
        "west":  { "uv": [ 0, 0.75, 0.75, 2 ], "texture": "#texture" },
        "east":  { "uv": [ 1.75, 0.75, 2.5, 2 ], "texture": "#texture" }
    }
},
{
    "from": [ 4, -1, 11 ],
    "to": [ 7, 8, 14 ],
    "faces": {
        "down":  { "uv": [ 5.5, 0, 6.25, 0.75 ], "texture": "#texture" },
        "up":    { "uv": [ 4.5, 0, 5.25, 0.25 ], "texture": "#texture" },
        "north": { "uv": [ 4.5, 0, 5.25, 2.25 ], "texture": "#texture" },
        "south": { "uv": [ 4.5, 0, 5.25, 2.25 ], "texture": "#texture" },
        "west":  { "uv": [ 4.5, 0, 5.25, 2.25 ], "texture": "#texture" },
        "east":  { "uv": [ 4.5, 0, 5.25, 2.25 ], "texture": "#texture" }
    }
},
{
    "from": [ 3.5, 4, 1 ],
    "to": [ 12.5, 8, 5 ],
    "rotation": { "origin": [ 3.5, 8, 1 ], "axis": "x", "angle": 22.5 },
    "faces": {
        "down":  { "uv": [ 10.5, 0.25, 12.75, 1.25 ], "texture": "#texture" },
        "up":    { "uv": [ 7.75, 2.75, 10, 3.75 ], "texture": "#texture" },
        "north": { "uv": [ 5.75, 2, 8, 3 ], "texture": "#texture" },
        "south": { "uv": [ 12.5, 2, 14.75, 3 ], "texture": "#texture" },
        "west":  { "uv": [ 7.75, 2, 8.75, 3 ], "texture": "#texture" },
        "east":  { "uv": [ 11.75, 2, 12.75, 3 ], "texture": "#texture" }
    }
},
{
    "from": [ 4, -1, 0 ],
    "to": [ 7, 5, 3 ],
    "faces": {
        "down":  { "uv": [ 5.5, 0, 6.25, 0.75 ], "texture": "#texture" },
        "up":    { "uv": [ 5.5, 0, 6.25, 0.75 ], "texture": "#texture" },
        "north": { "uv": [ 4.5, 0.75, 5.25, 2.25 ], "texture": "#texture" },
        "south": { "uv": [ 4.5, 0.75, 5.25, 2.25 ], "texture": "#texture" },
        "west":  { "uv": [ 4.5, 0.75, 5.25, 2.25 ], "texture": "#texture" },
        "east":  { "uv": [ 4.5, 0.75, 5.25, 2.25 ], "texture": "#texture" }
    }
},
{
    "from": [ 9, -1, 0 ],
    "to": [ 12, 5, 3 ],
    "faces": {
        "down":  { "uv": [ 5.5, 0, 6.25, 0.75 ], "texture": "#texture" },
        "up":    { "uv": [ 5.5, 0, 6.25, 0.75 ], "texture": "#texture" },
        "north": { "uv": [ 4.5, 0.75, 5.25, 2.25 ], "texture": "#texture" },
        "south": { "uv": [ 4.5, 0.75, 5.25, 2.25 ], "texture": "#texture" },
        "west":  { "uv": [ 4.5, 0.75, 5.25, 2.25 ], "texture": "#texture" },
        "east":  { "uv": [ 4.5, 0.75, 5.25, 2.25 ], "texture": "#texture" }
    }
},
{
    "from": [ 6, 12, 17 ],
    "to": [ 7, 13, 20 ],
    "rotation": { "origin": [ 6, 12, 17 ], "axis": "y", "angle": -45 },
    "faces": {
        "down":  { "uv": [ 4.25, 0, 3.5, 0.25 ], "rotation": 90, "texture": "#texture" },
        "up":    { "uv": [ 3.5, 0, 4.25, 0.25 ], "rotation": 90, "texture": "#texture" },
        "north": { "uv": [ 3.5, 0, 3.75, 0.25 ], "texture": "#texture" },
        "south": { "uv": [ 4, 0, 4.25, 0.25 ], "texture": "#texture" },
        "west":  { "uv": [ 3.5, 0, 4.25, 0.25 ], "texture": "#texture" },
        "east":  { "uv": [ 4.25, 0, 3.5, 0.25 ], "texture": "#texture" }
    }
},
{
    "from": [ 9, 12, 17.5 ],
    "to": [ 10, 13, 20.5 ],
    "rotation": { "origin": [ 9, 12, 17.5 ], "axis": "y", "angle": 45 },
    "faces": {
        "down":  { "uv": [ 4.25, 0, 3.5, 0.25 ], "rotation": 90, "texture": "#texture" },
        "up":    { "uv": [ 3.5, 0, 4.25, 0.25 ], "rotation": 90, "texture": "#texture" },
        "north": { "uv": [ 3.5, 0, 3.75, 0.25 ], "texture": "#texture" },
        "south": { "uv": [ 4, 0, 4.25, 0.25 ], "texture": "#texture" },
        "west":  { "uv": [ 3.5, 0, 4.25, 0.25 ], "texture": "#texture" },
        "east":  { "uv": [ 4.25, 0, 3.5, 0.25 ], "texture": "#texture" }
    }
},
{
    "from": [ 6.5, 11, 17.5 ],
    "to": [ 7.5, 12, 20.5 ],
    "rotation": { "origin": [ 6.5, 12, 17.5 ], "axis": "x", "angle": 22.5 },
    "faces": {
        "down":  { "uv": [ 4.25, 0, 3.5, 0.25 ], "rotation": 90, "texture": "#texture" },
        "up":    { "uv": [ 3.5, 0, 4.25, 0.25 ], "rotation": 90, "texture": "#texture" },
        "north": { "uv": [ 3.5, 0, 3.75, 0.25 ], "texture": "#texture" },
        "south": { "uv": [ 4, 0, 4.25, 0.25 ], "texture": "#texture" },
        "west":  { "uv": [ 3.5, 0, 4.25, 0.25 ], "texture": "#texture" },
        "east":  { "uv": [ 4.25, 0, 3.5, 0.25 ], "texture": "#texture" }
    }
},
{
    "from": [ 8.5, 11, 17.4452 ],
    "to": [ 9.5, 12, 20.4452 ],
    "rotation": { "origin": [ 8.5, 12, 17.4452 ], "axis": "x", "angle": 22.5 },
    "faces": {
        "down":  { "uv": [ 4.25, 0, 3.5, 0.25 ], "rotation": 90, "texture": "#texture" },
        "up":    { "uv": [ 3.5, 0, 4.25, 0.25 ], "rotation": 90, "texture": "#texture" },
        "north": { "uv": [ 3.5, 0, 3.75, 0.25 ], "texture": "#texture" },
        "south": { "uv": [ 4, 0, 4.25, 0.25 ], "texture": "#texture" },
        "west":  { "uv": [ 3.5, 0, 4.25, 0.25 ], "texture": "#texture" },
        "east":  { "uv": [ 4.25, 0, 3.5, 0.25 ], "texture": "#texture" }
    }
},
{
    "from": [ 7.5, 12.5, 2.5 ],
    "to": [ 8.5, 20.5, 3.5 ],
    "rotation": { "origin": [ 7.5, 20.5, 2.5 ], "axis": "x", "angle": -45 },
    "faces": {
        "down":  { "uv": [ 15, 1.75, 15.25, 2 ], "texture": "#texture" },
        "up":    { "uv": [ 15, 0, 15.25, 0.25 ], "texture": "#texture" },
        "north": { "uv": [ 15, 0, 15.25, 2 ], "texture": "#texture" },
        "south": { "uv": [ 15, 0, 15.25, 2 ], "texture": "#texture" },
        "west":  { "uv": [ 15, 0, 15.25, 2 ], "texture": "#texture" },
        "east":  { "uv": [ 15, 0, 15.25, 2 ], "texture": "#texture" }
    }
},
{
    "from": [ 7.5, 13.5, 7.5 ],
    "to": [ 8.5, 21.5, 8.5 ],
    "rotation": { "origin": [ 7.5, 21.5, 7.5 ], "axis": "x", "angle": -22.5 },
    "faces": {
        "down":  { "uv": [ 15, 1.75, 15.25, 2 ], "texture": "#texture" },
        "up":    { "uv": [ 15, 0, 15.25, 0.25 ], "texture": "#texture" },
        "north": { "uv": [ 15, 0, 15.25, 2 ], "texture": "#texture" },
        "south": { "uv": [ 15, 0, 15.25, 2 ], "texture": "#texture" },
        "west":  { "uv": [ 15, 0, 15.25, 2 ], "texture": "#texture" },
        "east":  { "uv": [ 15, 0, 15.25, 2 ], "texture": "#texture" }
    }
},
{
    "from": [ 7.5, 15.5, 2.5 ],
    "to": [ 8.5, 16.5, 10.5 ],
    "rotation": { "origin": [ 7.5, 16.5, 2.5 ], "axis": "x", "angle": 22.5 },
    "faces": {
        "down":  { "uv": [ 15, 2, 15.25, 0 ], "texture": "#texture" },
        "up":    { "uv": [ 15, 0, 15.25, 2 ], "texture": "#texture" },
        "north": { "uv": [ 15, 0, 15.25, 0.25 ], "texture": "#texture" },
        "south": { "uv": [ 15, 1.75, 15.25, 2 ], "texture": "#texture" },
        "west":  { "uv": [ 15, 2, 15.25, 0 ], "rotation": 90, "texture": "#texture" },
        "east":  { "uv": [ 15, 0, 15.25, 2 ], "rotation": 90, "texture": "#texture" }
    }
},
{
    "from": [ 3, 4, 7 ],
    "to": [ 13, 8, 15 ],
    "faces": {
        "down":  { "uv": [ 0, 0, 0.25, 0.25 ], "texture": "#texture" },
        "up":    { "uv": [ 0, 0, 0.25, 0.25 ], "texture": "#texture" },
        "north": { "uv": [ 7.75, 4.5, 10.25, 5.5 ], "texture": "#texture" },
        "south": { "uv": [ 12.25, 4.5, 14.75, 5.5 ], "texture": "#texture" },
        "west":  { "uv": [ 5.75, 4.5, 7.75, 5.5 ], "texture": "#texture" },
        "east":  { "uv": [ 10.25, 4.5, 12.25, 5.5 ], "texture": "#texture" }
    }
}
],
"display": {
    "thirdperson_righthand": {
        "rotation": [ 10, -45, 0 ],
        "translation": [ 0, 1.5, -2.75 ],
        "scale": [ 0.37, 0.37, 0.37 ]
    },
    "thirdperson_lefthand": {
        "rotation": [ 10, -45, 0 ],
        "translation": [ 0, 1.5, -2.75 ],
        "scale": [ 0.37, 0.37, 0.37 ]
    },
    "head": {
        "rotation": [ 0, 180, 0 ],
        "translation": [ 0, -23.62, 0 ],
        "scale": [ 2.2, 2.2, 2.2 ]
    },
    "ground": {
        "rotation": [ 0, 0, 0 ],
        "translation": [ 0, 3.59, 0 ],
        "scale": [ 0.35, 0.35, 0.35 ]
    },
    "fixed": {
        "rotation": [ 0, -90, 0 ],
        "translation": [ 0, 0, -1.13 ],
        "scale": [ 0.35, 0.35, 0.35 ]
    },
    "firstperson_righthand": {
        "rotation": [ 0, -69, 0 ],
        "translation": [ 5.1, 0, -5.86 ],
        "scale": [ 1, 1, 1 ]
    },
    "firstperson_lefthand": {
        "rotation": [ 0, -69, 0 ],
        "translation": [ 5.1, 0, -5.86 ],
        "scale": [ 1, 1, 1 ]
    },
    "gui": {
        "rotation": [ 45, 45, 0 ],
        "translation": [ 0, 0, 0 ],
        "scale": [ 0.5, 0.5, 0.5 ]
    }
}
}