{
   
"parent": "item/handheld",

"textures": {
        "layer0": "items/diamond_shovel"

}
,
"overrides": [
 {"predicate": {"damage": 0.93533930857}, "model": "item/vanity_items/decayed_mask"},
 {"predicate": {"damage": 0.93597951344}, "model": "item/vanity_items/teeth_talisman"},
 {"predicate": {"damage": 0.93661971831}, "model": "item/mob_drops/uthuma/burlap_doll"},
 {"predicate": {"damage": 0.93725992317}, "model": "item/mob_drops/plao5v/oxygen_bottle"},
 {"predicate": {"damage": 0.93790012804}, "model": "item/mob_drops/aquis/shackle"},



 {"predicate": {"damage": 0.9385403329}, "model": "item/craftable/jewelry/giant_gems/topaz"},
 {"predicate": {"damage": 0.93918053777}, "model": "item/craftable/jewelry/giant_gems/sapphire"},
 {"predicate": {"damage": 0.93982074263}, "model": "item/craftable/jewelry/giant_gems/ruby"},
 {"predicate": {"damage": 0.9404609475}, "model": "item/craftable/jewelry/giant_gems/opal"},
 {"predicate": {"damage": 0.94110115236}, "model": "item/craftable/jewelry/giant_gems/amethyst"},



 {"predicate": {"damage": 0.94174135723}, "model": "item/craftable/jewelry/crowns/white_gold_topaz"},
 {"predicate": {"damage": 0.9423815621}, "model": "item/craftable/jewelry/crowns/white_gold_sapphire"},
 {"predicate": {"damage": 0.94302176696}, "model": "item/craftable/jewelry/crowns/white_gold_ruby"},
 {"predicate": {"damage": 0.94366197183}, "model": "item/craftable/jewelry/crowns/white_gold_opal"},
 {"predicate": {"damage": 0.94430217669}, "model": "item/craftable/jewelry/crowns/white_gold_amethyst"},

 {"predicate": {"damage": 0.94494238156}, "model": "item/craftable/jewelry/crowns/silver_topaz"},
 {"predicate": {"damage": 0.94558258642}, "model": "item/craftable/jewelry/crowns/silver_sapphire"},
 {"predicate": {"damage": 0.94622279129}, "model": "item/craftable/jewelry/crowns/silver_ruby"},
 {"predicate": {"damage": 0.94686299615}, "model": "item/craftable/jewelry/crowns/silver_opal"},
 {"predicate": {"damage": 0.94750320102}, "model": "item/craftable/jewelry/crowns/silver_amethyst"},

 {"predicate": {"damage": 0.94814340589}, "model": "item/craftable/jewelry/crowns/platinum_topaz"},
 {"predicate": {"damage": 0.94878361075}, "model": "item/craftable/jewelry/crowns/platinum_sapphire"},
 {"predicate": {"damage": 0.94942381562}, "model": "item/craftable/jewelry/crowns/platinum_ruby"},
 {"predicate": {"damage": 0.95006402048}, "model": "item/craftable/jewelry/crowns/platinum_opal"},
 {"predicate": {"damage": 0.95070422535}, "model": "item/craftable/jewelry/crowns/platinum_amethyst"},

 {"predicate": {"damage": 0.95134443021}, "model": "item/craftable/jewelry/crowns/gold_topaz"},
 {"predicate": {"damage": 0.95198463508}, "model": "item/craftable/jewelry/crowns/gold_sapphire"},
 {"predicate": {"damage": 0.95262483994}, "model": "item/craftable/jewelry/crowns/gold_ruby"},
 {"predicate": {"damage": 0.95326504481}, "model": "item/craftable/jewelry/crowns/gold_opal"},
 {"predicate": {"damage": 0.95390524968}, "model": "item/craftable/jewelry/crowns/gold_amethyst"},



 {"predicate": {"damage": 0.95454545454}, "model": "item/craftable/jewelry/necklaces/white_gold_topaz"},
 {"predicate": {"damage": 0.95518565941}, "model": "item/craftable/jewelry/necklaces/white_gold_sapphire"},
 {"predicate": {"damage": 0.95582586427}, "model": "item/craftable/jewelry/necklaces/white_gold_ruby"},
 {"predicate": {"damage": 0.95646606914}, "model": "item/craftable/jewelry/necklaces/white_gold_opal"},
 {"predicate": {"damage": 0.957106274}, "model": "item/craftable/jewelry/necklaces/white_gold_amethyst"},

 {"predicate": {"damage": 0.95774647887}, "model": "item/craftable/jewelry/necklaces/silver_topaz"},
 {"predicate": {"damage": 0.95838668373}, "model": "item/craftable/jewelry/necklaces/silver_sapphire"},
 {"predicate": {"damage": 0.9590268886}, "model": "item/craftable/jewelry/necklaces/silver_ruby"},
 {"predicate": {"damage": 0.95966709347}, "model": "item/craftable/jewelry/necklaces/silver_opal"},
 {"predicate": {"damage": 0.96030729833}, "model": "item/craftable/jewelry/necklaces/silver_amethyst"},

 {"predicate": {"damage": 0.9609475032}, "model": "item/craftable/jewelry/necklaces/platinum_topaz"},
 {"predicate": {"damage": 0.96158770806}, "model": "item/craftable/jewelry/necklaces/platinum_sapphire"},
 {"predicate": {"damage": 0.96222791293}, "model": "item/craftable/jewelry/necklaces/platinum_ruby"},
 {"predicate": {"damage": 0.96286811779}, "model": "item/craftable/jewelry/necklaces/platinum_opal"},
 {"predicate": {"damage": 0.96350832266}, "model": "item/craftable/jewelry/necklaces/platinum_amethyst"},

 {"predicate": {"damage": 0.96414852752}, "model": "item/craftable/jewelry/necklaces/gold_topaz"},
 {"predicate": {"damage": 0.96478873239}, "model": "item/craftable/jewelry/necklaces/gold_sapphire"},
 {"predicate": {"damage": 0.96542893726}, "model": "item/craftable/jewelry/necklaces/gold_ruby"},
 {"predicate": {"damage": 0.96606914212}, "model": "item/craftable/jewelry/necklaces/gold_opal"},
 {"predicate": {"damage": 0.96670934699}, "model": "item/craftable/jewelry/necklaces/gold_amethyst"},



 {"predicate": {"damage": 0.96734955185}, "model": "item/craftable/jewelry/pocket_watches/white_gold"},
 {"predicate": {"damage": 0.96798975672}, "model": "item/craftable/jewelry/pocket_watches/silver"},
 {"predicate": {"damage": 0.96862996158}, "model": "item/craftable/jewelry/pocket_watches/platinum"},
 {"predicate": {"damage": 0.96927016645}, "model": "item/craftable/jewelry/pocket_watches/gold"},



 {"predicate": {"damage": 0.96991037131}, "model": "item/craftable/jewelry/rings/white_gold_topaz"},
 {"predicate": {"damage": 0.97055057618}, "model": "item/craftable/jewelry/rings/white_gold_sapphire"},
 {"predicate": {"damage": 0.97119078105}, "model": "item/craftable/jewelry/rings/white_gold_ruby"},
 {"predicate": {"damage": 0.97183098591}, "model": "item/craftable/jewelry/rings/white_gold_opal"},
 {"predicate": {"damage": 0.97247119078}, "model": "item/craftable/jewelry/rings/white_gold_amethyst"},

 {"predicate": {"damage": 0.97311139564}, "model": "item/craftable/jewelry/rings/silver_topaz"},
 {"predicate": {"damage": 0.97375160051}, "model": "item/craftable/jewelry/rings/silver_sapphire"},
 {"predicate": {"damage": 0.97439180537}, "model": "item/craftable/jewelry/rings/silver_ruby"},
 {"predicate": {"damage": 0.97503201024}, "model": "item/craftable/jewelry/rings/silver_opal"},
 {"predicate": {"damage": 0.9756722151}, "model": "item/craftable/jewelry/rings/silver_amethyst"},

 {"predicate": {"damage": 0.97631241997}, "model": "item/craftable/jewelry/rings/platinum_topaz"},
 {"predicate": {"damage": 0.97695262484}, "model": "item/craftable/jewelry/rings/platinum_sapphire"},
 {"predicate": {"damage": 0.9775928297}, "model": "item/craftable/jewelry/rings/platinum_ruby"},
 {"predicate": {"damage": 0.97823303457}, "model": "item/craftable/jewelry/rings/platinum_opal"},
 {"predicate": {"damage": 0.97887323943}, "model": "item/craftable/jewelry/rings/platinum_amethyst"},

 {"predicate": {"damage": 0.9795134443}, "model": "item/craftable/jewelry/rings/gold_topaz"},
 {"predicate": {"damage": 0.98015364916}, "model": "item/craftable/jewelry/rings/gold_sapphire"},
 {"predicate": {"damage": 0.98079385403}, "model": "item/craftable/jewelry/rings/gold_ruby"},
 {"predicate": {"damage": 0.98143405889}, "model": "item/craftable/jewelry/rings/gold_opal"},
 {"predicate": {"damage": 0.98207426376}, "model": "item/craftable/jewelry/rings/gold_amethyst"},



 {"predicate": {"damage": 0.98271446863}, "model": "item/vanity_items/fur_coat"},
 {"predicate": {"damage": 0.98335467349}, "model": "item/vanity_items/living_skull"},
 {"predicate": {"damage": 0.98399487836}, "model": "item/vanity_items/energy_drink"},
 {"predicate": {"damage": 0.98463508322}, "model": "item/mob_drops/duratus/breath_of_death"},
 {"predicate": {"damage": 0.98527528809}, "model": "item/vanity_items/steel_gauntlet"},
 {"predicate": {"damage": 0.98591549295}, "model": "item/vanity_items/mechanical_eye"},
 {"predicate": {"damage": 0.98655569782}, "model": "item/vanity_items/tri_heart"},
 {"predicate": {"damage": 0.98719590268}, "model": "item/vanity_items/hade_band"},
 {"predicate": {"damage": 0.98783610755}, "model": "item/vanity_items/swamp_wings"},
 {"predicate": {"damage": 0.98847631242}, "model": "item/vanity_items/frost_wings"},
 {"predicate": {"damage": 0.98911651728}, "model": "item/vanity_items/flame_wings"},
 {"predicate": {"damage": 0.98975672215}, "model": "item/mob_drops/duratus/baby_golem_toy"},
 {"predicate": {"damage": 0.99039692701}, "model": "item/mob_drops/plao5v/mini_saucer"},
 {"predicate": {"damage": 0.99103713188}, "model": "item/vanity_items/flippers"},
 {"predicate": {"damage": 0.99167733674}, "model": "item/vanity_items/speed_aglet"},
 {"predicate": {"damage": 0.99231754161}, "model": "item/vanity_items/armor_bracing"},
 {"predicate": {"damage": 0.99295774647}, "model": "item/mob_drops/plao5v/amulet_of_galaxies"},
 {"predicate": {"damage": 0.99359795134}, "model": "item/mob_drops/plao5v/time_capsule"},
 {"predicate": {"damage": 0.99423815621}, "model": "item/mob_drops/uthuma/vile_powder_bag"},
 {"predicate": {"damage": 0.99487836107}, "model": "item/mob_drops/uthuma/cross_talisman"},
 {"predicate": {"damage": 0.99551856594}, "model": "item/vanity_items/boneless_watermelon"},
 {"predicate": {"damage": 0.9961587708}, "model": "item/mob_drops/duratus/music_box"},
 {"predicate": {"damage": 0.99679897567}, "model": "item/mob_drops/duratus/gold_coin_bag"},
 {"predicate": {"damage": 0.99743918053}, "model": "item/mob_drops/duratus/dead_man_talisman"},
 {"predicate": {"damage": 0.9980793854}, "model": "item/mob_drops/aquis/decayed_talisman"},
 {"predicate": {"damage": 0.99871959026}, "model": "item/mob_drops/aquis/rubber_ducky"},
 {"predicate": {"damage": 0.999359795}, "model": "item/mob_drops/aquis/viking_helmet"}
]
}