{
   
"parent": "item/handheld",

"textures": {
        "layer0": "items/iron_pickaxe"

}
,
"overrides": [
 {"predicate": {"damage": 0.88446215139}, "model": "item/weapons_tools/pickaxes/copper_pickaxe"},
 {"predicate": {"damage": 0.88844621513}, "model": "item/weapons_tools/pickaxes/"},
 {"predicate": {"damage": 0.89243027888}, "model": "item/weapons_tools/pickaxes/tendril_pick"},
 {"predicate": {"damage": 0.89641434262}, "model": "item/weapons_tools/pickaxes/alumite_pickaxe"},
 {"predicate": {"damage": 0.90039840637}, "model": "item/weapons_tools/pickaxes/bronze_pickaxe"},
 {"predicate": {"damage": 0.90438247012}, "model": "item/weapons_tools/pickaxes/palladium_pickaxe"},
 {"predicate": {"damage": 0.90836653386}, "model": "item/weapons_tools/pickaxes/hydrite_pickaxe"},
 {"predicate": {"damage": 0.91235059761}, "model": "item/weapons_tools/pickaxes/skull_collector"},
 {"predicate": {"damage": 0.91633466135}, "model": "item/weapons_tools/pickaxes/morphed_mallet"},
 {"predicate": {"damage": 0.9203187251}, "model": "item/weapons_tools/pickaxes/moon_miner"},
 {"predicate": {"damage": 0.92430278884}, "model": "item/weapons_tools/pickaxes/ice_breaker"},
 {"predicate": {"damage": 0.92828685259}, "model": "item/weapons_tools/pickaxes/hoarfrost_hammer"},
 {"predicate": {"damage": 0.93227091633}, "model": "item/weapons_tools/pickaxes/dark_wood_hammer"},
 {"predicate": {"damage": 0.93625498008}, "model": "item/weapons_tools/pickaxes/bone_pickaxe"},
 {"predicate": {"damage": 0.94023904382}, "model": "item/weapons_tools/pickaxes/dawn_breaker"},
 {"predicate": {"damage": 0.94422310757}, "model": "item/weapons_tools/pickaxes/warmonger"},
 {"predicate": {"damage": 0.94820717131}, "model": "item/weapons_tools/pickaxes/muk"},
 {"predicate": {"damage": 0.95219123506}, "model": "item/weapons_tools/pickaxes/swampy"},
 {"predicate": {"damage": 0.9561752988}, "model": "item/weapons_tools/pickaxes/platinum_pickaxe"},
 {"predicate": {"damage": 0.96015936255}, "model": "item/weapons_tools/pickaxes/mithril_pickaxe"},
 {"predicate": {"damage": 0.96414342629}, "model": "item/weapons_tools/pickaxes/nickel_pickaxe"},
 {"predicate": {"damage": 0.96812749004}, "model": "item/weapons_tools/pickaxes/tin_pickaxe"},
 {"predicate": {"damage": 0.97211155378}, "model": "item/weapons_tools/pickaxes/gold_pickaxe"},
 {"predicate": {"damage": 0.97609561753}, "model": "item/weapons_tools/pickaxes/adamantite_pickaxe"},
 {"predicate": {"damage": 0.98007968127}, "model": "item/weapons_tools/pickaxes/tungsten_pickaxe"},
 {"predicate": {"damage": 0.98406374502}, "model": "item/weapons_tools/pickaxes/ardite_pickaxe"},
 {"predicate": {"damage": 0.98804780876}, "model": "item/weapons_tools/pickaxes/aluminum_pickaxe"},
 {"predicate": {"damage": 0.99203187251}, "model": "item/weapons_tools/pickaxes/cobalt_pickaxe"},
 {"predicate": {"damage": 0.99601593625}, "model": "item/weapons_tools/pickaxes/silver_pickaxe"}
]
}