{
   
"parent": "item/handheld",

"textures": {
        "layer0": "items/iron_shovel"

}
,
"overrides": [
 {"predicate": {"damage": 0.88446215139}, "model": "item/weapons_tools/shovels/copper_shovel"},
 {"predicate": {"damage": 0.88844621513}, "model": "item/weapons_tools/shovels/"},
 {"predicate": {"damage": 0.89243027888}, "model": "item/weapons_tools/shovels/"},
 {"predicate": {"damage": 0.89641434262}, "model": "item/weapons_tools/shovels/"},
 {"predicate": {"damage": 0.90039840637}, "model": "item/weapons_tools/shovels/"},
 {"predicate": {"damage": 0.90438247012}, "model": "item/weapons_tools/shovels/"},
 {"predicate": {"damage": 0.90836653386}, "model": "item/weapons_tools/shovels/"},
 {"predicate": {"damage": 0.91235059761}, "model": "item/weapons_tools/shovels/"},
 {"predicate": {"damage": 0.91633466135}, "model": "item/weapons_tools/shovels/"},
 {"predicate": {"damage": 0.9203187251}, "model": "item/weapons_tools/shovels/"},
 {"predicate": {"damage": 0.92430278884}, "model": "item/weapons_tools/shovels/"},
 {"predicate": {"damage": 0.92828685259}, "model": "item/weapons_tools/shovels/"},
 {"predicate": {"damage": 0.93227091633}, "model": "item/weapons_tools/shovels/alumite_shovel"},
 {"predicate": {"damage": 0.93625498008}, "model": "item/weapons_tools/shovels/bronze_shovel"},
 {"predicate": {"damage": 0.94023904382}, "model": "item/weapons_tools/shovels/palladium_shovel"},
 {"predicate": {"damage": 0.94422310757}, "model": "item/weapons_tools/shovels/hydrite_shovel"},
 {"predicate": {"damage": 0.94820717131}, "model": "item/weapons_tools/shovels/glowing_lance"},
 {"predicate": {"damage": 0.95219123506}, "model": "item/weapons_tools/shovels/frost_shovel"},
 {"predicate": {"damage": 0.9561752988}, "model": "item/weapons_tools/shovels/platinum_shovel"},
 {"predicate": {"damage": 0.96015936255}, "model": "item/weapons_tools/shovels/mithril_shovel"},
 {"predicate": {"damage": 0.96414342629}, "model": "item/weapons_tools/shovels/nickel_shovel"},
 {"predicate": {"damage": 0.96812749004}, "model": "item/weapons_tools/shovels/tin_shovel"},
 {"predicate": {"damage": 0.97211155378}, "model": "item/weapons_tools/shovels/gold_shovel"},
 {"predicate": {"damage": 0.97609561753}, "model": "item/weapons_tools/shovels/adamantite_shovel"},
 {"predicate": {"damage": 0.98007968127}, "model": "item/weapons_tools/shovels/tungsten_shovel"},
 {"predicate": {"damage": 0.98406374502}, "model": "item/weapons_tools/shovels/ardite_shovel"},
 {"predicate": {"damage": 0.98804780876}, "model": "item/weapons_tools/shovels/aluminum_shovel"},
 {"predicate": {"damage": 0.99203187251}, "model": "item/weapons_tools/shovels/cobalt_shovel"},
 {"predicate": {"damage": 0.99601593625}, "model": "item/weapons_tools/shovels/silver_shovel"}
]
}