{
"__comment": "Designed by MasterianoX",
"textures": {
    "particle": "entity/grunt/grunt",
    "texture": "entity/grunt/grunt"
},
"elements": [ 
{
    "from": [ 1, -1, 0 ],
    "to": [ 11, 10, 16 ],
    "rotation": { "origin": [ 1, 10, 0 ], "axis": "z", "angle": 45 },
    "faces": {
        "down":  { "uv": [ 6.5, 4.75, 10.5, 7.25 ], "rotation": 90, "texture": "#texture" },
        "up":    { "uv": [ 2.5, 4.75, 6.5, 7.25 ], "rotation": 90, "texture": "#texture" },
        "north": { "uv": [ 0, 7.25, 2.5, 10 ], "texture": "#texture" },
        "south": { "uv": [ 6.5, 7.25, 9, 10 ], "texture": "#texture" },
        "west":  { "uv": [ 2.5, 7.25, 6.5, 10 ], "texture": "#texture" },
        "east":  { "uv": [ 9, 7.25, 13, 10 ], "texture": "#texture" }
    }
},
{
    "from": [ 8, 1, 2 ],
    "to": [ 16, 6, 14 ],
    "rotation": { "origin": [ 8, 6, 2 ], "axis": "z", "angle": 22.5 },
    "faces": {
        "down":  { "uv": [ 8, 10.25, 5, 12.25 ], "rotation": 90, "texture": "#texture" },
        "up":    { "uv": [ 2, 10.25, 5, 12 ], "rotation": 180, "texture": "#texture" },
        "north": { "uv": [ 0, 12.25, 2, 13.5 ], "texture": "#texture" },
        "south": { "uv": [ 5, 12.25, 7, 13.5 ], "texture": "#texture" },
        "west":  { "uv": [ 2, 12.25, 5, 13.5 ], "texture": "#texture" },
        "east":  { "uv": [ 7, 12.25, 10, 13.5 ], "texture": "#texture" }
    }
},
{
    "from": [ 11.5, 0, 4 ],
    "to": [ 16.5, 5, 12 ],
    "faces": {
        "down":  { "uv": [ 8.5, 4.75, 10.5, 6 ], "rotation": 90, "texture": "#texture" },
        "up":    { "uv": [ 8.5, 4.75, 10.5, 6 ], "rotation": 90, "texture": "#texture" },
        "north": { "uv": [ 4.75, 14.25, 6, 15.5 ], "texture": "#texture" },
        "south": { "uv": [ 8.5, 14.25, 9.75, 15.5 ], "texture": "#texture" },
        "west":  { "uv": [ 6.25, 14.25, 8.25, 15.5 ], "texture": "#texture" },
        "east":  { "uv": [ 10, 14.25, 12, 15.5 ], "texture": "#texture" }
    }
},
{
    "from": [ 0, 5.5625, 5 ],
    "to": [ 4, 9.5625, 11 ],
    "rotation": { "origin": [ 0, 9.5625, 5 ], "axis": "z", "angle": 22.5 },
    "faces": {
        "down":  { "uv": [ 2.5, 0, 4, 1 ], "rotation": 90, "texture": "#texture" },
        "up":    { "uv": [ 1, 0, 2.5, 1 ], "rotation": 90, "texture": "#texture" },
        "north": { "uv": [ 0, 1, 1, 2 ], "texture": "#texture" },
        "south": { "uv": [ 2.5, 1, 3.5, 2 ], "texture": "#texture" },
        "west":  { "uv": [ 1, 1, 2.5, 2 ], "texture": "#texture" },
        "east":  { "uv": [ 3.5, 1, 5, 2 ], "texture": "#texture" }
    }
},
{
    "from": [ 0, 9.5, 5 ],
    "to": [ 5, 14, 11 ],
    "faces": {
        "down":  { "uv": [ 2.75, 2.25, 4.25, 3.5 ], "rotation": 90, "texture": "#texture" },
        "up":    { "uv": [ 1.25, 2.25, 2.75, 3.5 ], "rotation": 90, "texture": "#texture" },
        "north": { "uv": [ 0, 3.5, 1.25, 4.5 ], "texture": "#texture" },
        "south": { "uv": [ 2.75, 3.5, 4, 4.5 ], "texture": "#texture" },
        "west":  { "uv": [ 1.25, 3.5, 2.75, 4.5 ], "texture": "#texture" },
        "east":  { "uv": [ 4, 3.5, 5.5, 4.5 ], "texture": "#texture" }
    }
},
{
    "from": [ -1, 8.75, 7 ],
    "to": [ 0.5, 11.75, 9 ],
    "faces": {
        "down":  { "uv": [ 5.75, 0.5, 5.25, 0.75 ], "rotation": 90, "texture": "#texture" },
        "up":    { "uv": [ 5.25, 0, 5.75, 0.25 ], "rotation": 90, "texture": "#texture" },
        "north": { "uv": [ 5.25, 0, 5.5, 0.75 ], "texture": "#texture" },
        "south": { "uv": [ 5.5, 0, 5.75, 0.75 ], "texture": "#texture" },
        "west":  { "uv": [ 5.25, 0, 5.75, 0.75 ], "texture": "#texture" },
        "east":  { "uv": [ 5.25, 0, 5.75, 0.75 ], "texture": "#texture" }
    }
},
{
    "from": [ 5, 8, -5 ],
    "to": [ 10, 13, 0 ],
    "rotation": { "origin": [ 5, 13, -5 ], "axis": "z", "angle": 22.5 },
    "faces": {
        "down":  { "uv": [ 6.5, 0.5, 7.75, 1.75 ], "texture": "#texture" },
        "up":    { "uv": [ 6.5, 0.5, 7.75, 1.75 ], "texture": "#texture" },
        "north": { "uv": [ 6.5, 0.5, 7.75, 1.75 ], "texture": "#texture" },
        "south": { "uv": [ 6.5, 0.5, 7.75, 1.75 ], "texture": "#texture" },
        "west":  { "uv": [ 6.5, 0.5, 7.75, 1.75 ], "texture": "#texture" },
        "east":  { "uv": [ 6.5, 0.5, 7.75, 1.75 ], "texture": "#texture" }
    }
},
{
    "from": [ 4.75, 8, 16 ],
    "to": [ 9.75, 13, 21 ],
    "rotation": { "origin": [ 4.75, 13, 16 ], "axis": "z", "angle": 22.5 },
    "faces": {
        "down":  { "uv": [ 6.5, 0.5, 7.75, 1.75 ], "texture": "#texture" },
        "up":    { "uv": [ 6.5, 0.5, 7.75, 1.75 ], "texture": "#texture" },
        "north": { "uv": [ 6.5, 0.5, 7.75, 1.75 ], "texture": "#texture" },
        "south": { "uv": [ 6.5, 0.5, 7.75, 1.75 ], "texture": "#texture" },
        "west":  { "uv": [ 6.5, 0.5, 7.75, 1.75 ], "texture": "#texture" },
        "east":  { "uv": [ 6.5, 0.5, 7.75, 1.75 ], "texture": "#texture" }
    }
},
{
    "from": [ 7, 2, -4 ],
    "to": [ 10, 11, -1 ],
    "rotation": { "origin": [ 7, 11, -4 ], "axis": "z", "angle": -22.5 },
    "faces": {
        "down":  { "uv": [ 15.75, 15.75, 16, 16 ], "texture": "#texture" },
        "up":    { "uv": [ 15.75, 15.75, 16, 16 ], "texture": "#texture" },
        "north": { "uv": [ 9, 0.25, 9.75, 2.5 ], "texture": "#texture" },
        "south": { "uv": [ 9, 0.25, 9.75, 2.5 ], "texture": "#texture" },
        "west":  { "uv": [ 9.75, 0.25, 9, 2.5 ], "texture": "#texture" },
        "east":  { "uv": [ 9.75, 0.25, 9, 2.5 ], "texture": "#texture" }
    }
},
{
    "from": [ -1.5, -1.5, -4.5 ],
    "to": [ 5.5, 2.5, -0.5 ],
    "rotation": { "origin": [ -1.5, 2.5, -4.5 ], "axis": "z", "angle": 22.5 },
    "faces": {
        "down":  { "uv": [ 0, 13.75, 1.75, 14.75 ], "texture": "#texture" },
        "up":    { "uv": [ 0, 13.75, 1.75, 14.75 ], "texture": "#texture" },
        "north": { "uv": [ 0, 13.75, 1.75, 14.75 ], "texture": "#texture" },
        "south": { "uv": [ 0, 13.75, 1.75, 14.75 ], "texture": "#texture" },
        "west":  { "uv": [ 1.75, 13.75, 2.75, 14.75 ], "texture": "#texture" },
        "east":  { "uv": [ 3, 13.75, 4, 14.75 ], "texture": "#texture" }
    }
},
{
    "from": [ 7.5, 2.25, 17 ],
    "to": [ 10.5, 11.25, 20 ],
    "faces": {
        "down":  { "uv": [ 15.75, 15.75, 16, 16 ], "texture": "#texture" },
        "up":    { "uv": [ 15.75, 15.75, 16, 16 ], "texture": "#texture" },
        "north": { "uv": [ 9, 0.25, 9.75, 2.5 ], "texture": "#texture" },
        "south": { "uv": [ 9, 0.25, 9.75, 2.5 ], "texture": "#texture" },
        "west":  { "uv": [ 9.75, 0.25, 9, 2.5 ], "texture": "#texture" },
        "east":  { "uv": [ 9.75, 0.25, 9, 2.5 ], "texture": "#texture" }
    }
},
{
    "from": [ 3, -4, 16.5 ],
    "to": [ 10, 0, 20.5 ],
    "rotation": { "origin": [ 3, 0, 16.5 ], "axis": "z", "angle": 45 },
    "faces": {
        "down":  { "uv": [ 0, 13.75, 1.75, 14.75 ], "texture": "#texture" },
        "up":    { "uv": [ 0, 13.75, 1.75, 14.75 ], "texture": "#texture" },
        "north": { "uv": [ 0, 13.75, 1.75, 14.75 ], "texture": "#texture" },
        "south": { "uv": [ 0, 13.75, 1.75, 14.75 ], "texture": "#texture" },
        "west":  { "uv": [ 3, 13.75, 4, 14.75 ], "texture": "#texture" },
        "east":  { "uv": [ 3, 13.75, 4, 14.75 ], "texture": "#texture" }
    }
},
{
    "from": [ 4, 13.5, 3 ],
    "to": [ 6, 18.5, 5 ],
    "rotation": { "origin": [ 4, 18.5, 3 ], "axis": "z", "angle": 22.5 },
    "faces": {
        "down":  { "uv": [ 6.75, 3.25, 7, 3.5 ], "texture": "#texture" },
        "up":    { "uv": [ 6, 2.25, 6.25, 2.5 ], "texture": "#texture" },
        "north": { "uv": [ 6.5, 2.25, 7, 3.5 ], "texture": "#texture" },
        "south": { "uv": [ 7.5, 2.25, 8, 3.5 ], "texture": "#texture" },
        "west":  { "uv": [ 6, 2.25, 6.5, 3.5 ], "texture": "#texture" },
        "east":  { "uv": [ 7, 2.25, 7.5, 3.5 ], "texture": "#texture" }
    }
},
{
    "from": [ 1.5, 16.5, 3.5 ],
    "to": [ 2.5, 21.5, 4.5 ],
    "rotation": { "origin": [ 1.5, 21.5, 3.5 ], "axis": "z", "angle": 45 },
    "faces": {
        "down":  { "uv": [ 8.25, 3.25, 8.5, 3.5 ], "texture": "#texture" },
        "up":    { "uv": [ 8.25, 2.25, 8.5, 2.5 ], "texture": "#texture" },
        "north": { "uv": [ 8.25, 2.25, 8.5, 3.5 ], "texture": "#texture" },
        "south": { "uv": [ 8.25, 2.25, 8.5, 3.5 ], "texture": "#texture" },
        "west":  { "uv": [ 8.25, 2.25, 8.5, 3.5 ], "texture": "#texture" },
        "east":  { "uv": [ 8.25, 2.25, 8.5, 3.5 ], "texture": "#texture" }
    }
},
{
    "from": [ -1, 21.5, 3.75 ],
    "to": [ 2, 22, 4.25 ],
    "faces": {
        "down":  { "uv": [ 8.25, 2.25, 8.5, 2.5 ], "texture": "#texture" },
        "up":    { "uv": [ 8.25, 2.25, 8.5, 2.5 ], "texture": "#texture" },
        "north": { "uv": [ 8.25, 2.25, 8.5, 2.5 ], "texture": "#texture" },
        "south": { "uv": [ 8.25, 2.25, 8.5, 2.5 ], "texture": "#texture" },
        "west":  { "uv": [ 8.25, 2.25, 8.5, 2.5 ], "texture": "#texture" },
        "east":  { "uv": [ 8.25, 2.25, 8.5, 2.5 ], "texture": "#texture" }
    }
},
{
    "from": [ 4, 13.5, 11 ],
    "to": [ 6, 18.5, 13 ],
    "rotation": { "origin": [ 4, 18.5, 11 ], "axis": "z", "angle": 22.5 },
    "faces": {
        "down":  { "uv": [ 6.75, 3.25, 7, 3.5 ], "texture": "#texture" },
        "up":    { "uv": [ 6, 2.25, 6.25, 2.5 ], "texture": "#texture" },
        "north": { "uv": [ 6, 2.25, 6.5, 3.5 ], "texture": "#texture" },
        "south": { "uv": [ 7, 2.25, 7.5, 3.5 ], "texture": "#texture" },
        "west":  { "uv": [ 6.5, 2.25, 7, 3.5 ], "texture": "#texture" },
        "east":  { "uv": [ 7.5, 2.25, 8, 3.5 ], "texture": "#texture" }
    }
},
{
    "from": [ 1.5, 16.5, 11.5 ],
    "to": [ 2.5, 21.5, 12.5 ],
    "rotation": { "origin": [ 1.5, 21.5, 11.5 ], "axis": "z", "angle": 45 },
    "faces": {
        "down":  { "uv": [ 8.25, 3.25, 8.5, 3.5 ], "texture": "#texture" },
        "up":    { "uv": [ 8.25, 2.25, 8.5, 2.5 ], "texture": "#texture" },
        "north": { "uv": [ 8.25, 2.25, 8.5, 3.5 ], "texture": "#texture" },
        "south": { "uv": [ 8.25, 2.25, 8.5, 3.5 ], "texture": "#texture" },
        "west":  { "uv": [ 8.25, 2.25, 8.5, 3.5 ], "texture": "#texture" },
        "east":  { "uv": [ 8.25, 2.25, 8.5, 3.5 ], "texture": "#texture" }
    }
},
{
    "from": [ -1, 21.5, 11.75 ],
    "to": [ 2, 22, 12.25 ],
    "faces": {
        "down":  { "uv": [ 8.25, 2.25, 8.5, 2.5 ], "texture": "#texture" },
        "up":    { "uv": [ 8.25, 2.25, 8.5, 2.5 ], "texture": "#texture" },
        "north": { "uv": [ 8.25, 2.25, 8.5, 2.5 ], "texture": "#texture" },
        "south": { "uv": [ 8.25, 2.25, 8.5, 2.5 ], "texture": "#texture" },
        "west":  { "uv": [ 8.25, 2.25, 8.5, 2.5 ], "texture": "#texture" },
        "east":  { "uv": [ 8.25, 2.25, 8.5, 2.5 ], "texture": "#texture" }
    }
}
],
"display": {
    "thirdperson_righthand": {
        "rotation": [ 0, 0, 0 ],
        "translation": [ 0, 0, 0 ],
        "scale": [ 0.5, 0.5, 0.5 ]
    },
    "thirdperson_lefthand": {
        "rotation": [ 0, 0, 0 ],
        "translation": [ 0, 0, 0 ],
        "scale": [ 0.5, 0.5, 0.5 ]
    },
    "head": {
        "rotation": [ 0, -90, 0 ],
        "translation": [ 0, -6.8, -10.58 ],
        "scale": [ 1.75, 1.75, 1.75 ]
    },
    "ground": {
        "rotation": [ 0, 0, 0 ],
        "translation": [ 0, 6.05, 0 ],
        "scale": [ 0.5, 0.5, 0.5 ]
    },
    "fixed": {
        "rotation": [ 0, -90, 0 ],
        "translation": [ 0, 0, -3.21 ],
        "scale": [ 0.5, 0.5, 0.5 ]
    },
    "firstperson_righthand": {
        "rotation": [ 0, 16, -20 ],
        "translation": [ 0, 3.4, -0.19 ],
        "scale": [ 0.5, 0.5, 0.5 ]
    },
    "firstperson_lefthand": {
        "rotation": [ 0, -167, 20 ],
        "translation": [ 0, 3.4, -0.19 ],
        "scale": [ 0.5, 0.5, 0.5 ]
    },
    "gui": {
        "rotation": [ 0, 135, 0 ],
        "translation": [ 0, 0, 0 ],
        "scale": [ 0.5, 0.5, 0.5 ]
    }
}
}