{
"__comment": "Designed by MasterianoX",
"textures": {
    "particle": "items/plao5v/plutatron_nucleus",
    "texture": "entity/plutatron/plutatron"
},
"elements": [ 
{
    "from": [ 7, 5, 7 ],
    "to": [ 9, 7, 9 ],
    "faces": {
        "down":  { "uv": [ 0, 0, 0.5, 0.5 ], "texture": "#texture" },
        "up":    { "uv": [ 0, 0, 0.5, 0.5 ], "texture": "#texture" },
        "north": { "uv": [ 0, 0, 0.5, 0.5 ], "texture": "#texture" },
        "south": { "uv": [ 0, 0, 0.5, 0.5 ], "texture": "#texture" },
        "west":  { "uv": [ 0, 0, 0.5, 0.5 ], "texture": "#texture" },
        "east":  { "uv": [ 0, 0, 0.5, 0.5 ], "texture": "#texture" }
    }
},
{
    "from": [ 6, 4, 6 ],
    "to": [ 10, 8, 10 ],
    "faces": {
        "down":  { "uv": [ 0.5, 0, 1.5, 1 ], "texture": "#texture" },
        "up":    { "uv": [ 0.5, 0, 1.5, 1 ], "texture": "#texture" },
        "north": { "uv": [ 0.5, 0, 1.5, 1 ], "texture": "#texture" },
        "south": { "uv": [ 0.5, 0, 1.5, 1 ], "texture": "#texture" },
        "west":  { "uv": [ 0.5, 0, 1.5, 1 ], "texture": "#texture" },
        "east":  { "uv": [ 0.5, 0, 1.5, 1 ], "texture": "#texture" }
    }
},
{
    "from": [ 5, 3, 5 ],
    "to": [ 11, 9, 11 ],
    "faces": {
        "down":  { "uv": [ 1.5, 0, 3, 1.5 ], "texture": "#texture" },
        "up":    { "uv": [ 1.5, 0, 3, 1.5 ], "texture": "#texture" },
        "north": { "uv": [ 1.5, 0, 3, 1.5 ], "texture": "#texture" },
        "south": { "uv": [ 1.5, 0, 3, 1.5 ], "texture": "#texture" },
        "west":  { "uv": [ 1.5, 0, 3, 1.5 ], "texture": "#texture" },
        "east":  { "uv": [ 1.5, 0, 3, 1.5 ], "texture": "#texture" }
    }
},
{
    "from": [ 4, 2, 4 ],
    "to": [ 12, 10, 12 ],
    "faces": {
        "down":  { "uv": [ 3, 0, 5, 2 ], "texture": "#texture" },
        "up":    { "uv": [ 3, 0, 5, 2 ], "texture": "#texture" },
        "north": { "uv": [ 3, 0, 5, 2 ], "texture": "#texture" },
        "south": { "uv": [ 3, 0, 5, 2 ], "texture": "#texture" },
        "west":  { "uv": [ 3, 0, 5, 2 ], "texture": "#texture" },
        "east":  { "uv": [ 3, 0, 5, 2 ], "texture": "#texture" }
    }
},
{
    "from": [ 2.5, 3, 2.5 ],
    "to": [ 3.5, 6, 3.5 ],
    "faces": {
        "down":  { "uv": [ 5, 0.5, 5.25, 0.75 ], "texture": "#texture" },
        "up":    { "uv": [ 5, 0, 5.25, 0.25 ], "texture": "#texture" },
        "north": { "uv": [ 5, 0, 5.25, 0.75 ], "texture": "#texture" },
        "south": { "uv": [ 5, 0, 5.25, 0.75 ], "texture": "#texture" },
        "west":  { "uv": [ 5, 0, 5.25, 0.75 ], "texture": "#texture" },
        "east":  { "uv": [ 5, 0, 5.25, 0.75 ], "texture": "#texture" }
    }
},
{
    "from": [ 3.5, 2, 3.5 ],
    "to": [ 4.5, 3, 4.5 ],
    "faces": {
        "down":  { "uv": [ 5, 0.5, 5.25, 0.75 ], "texture": "#texture" },
        "up":    { "uv": [ 5, 0.5, 5.25, 0.75 ], "texture": "#texture" },
        "north": { "uv": [ 5, 0.5, 5.25, 0.75 ], "texture": "#texture" },
        "south": { "uv": [ 5, 0.5, 5.25, 0.75 ], "texture": "#texture" },
        "west":  { "uv": [ 5, 0.5, 5.25, 0.75 ], "texture": "#texture" },
        "east":  { "uv": [ 5, 0.5, 5.25, 0.75 ], "texture": "#texture" }
    }
},
{
    "from": [ 12.5, 3, 2.75 ],
    "to": [ 13.5, 6, 3.75 ],
    "faces": {
        "down":  { "uv": [ 5, 0.5, 5.25, 0.75 ], "texture": "#texture" },
        "up":    { "uv": [ 5, 0, 5.25, 0.25 ], "texture": "#texture" },
        "north": { "uv": [ 5, 0, 5.25, 0.75 ], "texture": "#texture" },
        "south": { "uv": [ 5, 0, 5.25, 0.75 ], "texture": "#texture" },
        "west":  { "uv": [ 5, 0, 5.25, 0.75 ], "texture": "#texture" },
        "east":  { "uv": [ 5, 0, 5.25, 0.75 ], "texture": "#texture" }
    }
},
{
    "from": [ 11.5, 2, 3.5 ],
    "to": [ 12.5, 3, 4.5 ],
    "faces": {
        "down":  { "uv": [ 5, 0.5, 5.25, 0.75 ], "texture": "#texture" },
        "up":    { "uv": [ 5, 0.5, 5.25, 0.75 ], "texture": "#texture" },
        "north": { "uv": [ 5, 0.5, 5.25, 0.75 ], "texture": "#texture" },
        "south": { "uv": [ 5, 0.5, 5.25, 0.75 ], "texture": "#texture" },
        "west":  { "uv": [ 5, 0.5, 5.25, 0.75 ], "texture": "#texture" },
        "east":  { "uv": [ 5, 0.5, 5.25, 0.75 ], "texture": "#texture" }
    }
},
{
    "__comment": "Cube2",
    "from": [ 7, 5.5, 7 ],
    "to": [ 9, 7.5, 9 ],
    "faces": {
        "down":  { "uv": [ 0, 2.25, 0.5, 2.75 ], "texture": "#texture" },
        "up":    { "uv": [ 0, 2.25, 0.5, 2.75 ], "texture": "#texture" },
        "north": { "uv": [ 0, 2.25, 0.5, 2.75 ], "texture": "#texture" },
        "south": { "uv": [ 0, 2.25, 0.5, 2.75 ], "texture": "#texture" },
        "west":  { "uv": [ 0, 2.25, 0.5, 2.75 ], "texture": "#texture" },
        "east":  { "uv": [ 0, 2.25, 0.5, 2.75 ], "texture": "#texture" }
    }
},
{
    "__comment": "Cube2",
    "from": [ 6, 4.5, 6 ],
    "to": [ 10, 8.5, 10 ],
    "faces": {
        "down":  { "uv": [ 0.5, 2.25, 1.5, 3.25 ], "texture": "#texture" },
        "up":    { "uv": [ 0.5, 2.25, 1.5, 3.25 ], "texture": "#texture" },
        "north": { "uv": [ 0.5, 2.25, 1.5, 3.25 ], "texture": "#texture" },
        "south": { "uv": [ 0.5, 2.25, 1.5, 3.25 ], "texture": "#texture" },
        "west":  { "uv": [ 0.5, 2.25, 1.5, 3.25 ], "texture": "#texture" },
        "east":  { "uv": [ 0.5, 2.25, 1.5, 3.25 ], "texture": "#texture" }
    }
},
{
    "__comment": "Cube2",
    "from": [ 5, 3.5, 5 ],
    "to": [ 11, 9.5, 11 ],
    "faces": {
        "down":  { "uv": [ 1.5, 2.25, 3, 3.75 ], "texture": "#texture" },
        "up":    { "uv": [ 1.5, 2.25, 3, 3.75 ], "texture": "#texture" },
        "north": { "uv": [ 1.5, 2.25, 3, 3.75 ], "texture": "#texture" },
        "south": { "uv": [ 1.5, 2.25, 3, 3.75 ], "texture": "#texture" },
        "west":  { "uv": [ 1.5, 2.25, 3, 3.75 ], "texture": "#texture" },
        "east":  { "uv": [ 1.5, 2.25, 3, 3.75 ], "texture": "#texture" }
    }
},
{
    "__comment": "Cube2",
    "from": [ 4, 2.5, 4 ],
    "to": [ 12, 10.5, 12 ],
    "faces": {
        "down":  { "uv": [ 3, 2.25, 5, 4.25 ], "texture": "#texture" },
        "up":    { "uv": [ 3, 2.25, 5, 4.25 ], "texture": "#texture" },
        "north": { "uv": [ 3, 2.25, 5, 4.25 ], "texture": "#texture" },
        "south": { "uv": [ 3, 2.25, 5, 4.25 ], "texture": "#texture" },
        "west":  { "uv": [ 3, 2.25, 5, 4.25 ], "texture": "#texture" },
        "east":  { "uv": [ 3, 2.25, 5, 4.25 ], "texture": "#texture" }
    }
},
{
    "__comment": "Cube2",
    "from": [ 2.5, 3.5, 2.5 ],
    "to": [ 3.5, 6.5, 3.5 ],
    "faces": {
        "down":  { "uv": [ 5, 2.75, 5.25, 3 ], "texture": "#texture" },
        "up":    { "uv": [ 5, 2.25, 5.25, 2.5 ], "texture": "#texture" },
        "north": { "uv": [ 5, 2.25, 5.25, 3 ], "texture": "#texture" },
        "south": { "uv": [ 5, 2.25, 5.25, 3 ], "texture": "#texture" },
        "west":  { "uv": [ 5, 2.25, 5.25, 3 ], "texture": "#texture" },
        "east":  { "uv": [ 5, 2.25, 5.25, 3 ], "texture": "#texture" }
    }
},
{
    "__comment": "Cube2",
    "from": [ 3.5, 2.5, 3.5 ],
    "to": [ 4.5, 3.5, 4.5 ],
    "faces": {
        "down":  { "uv": [ 5, 2.75, 5.25, 3 ], "texture": "#texture" },
        "up":    { "uv": [ 5, 2.75, 5.25, 3 ], "texture": "#texture" },
        "north": { "uv": [ 5, 2.75, 5.25, 3 ], "texture": "#texture" },
        "south": { "uv": [ 5, 2.75, 5.25, 3 ], "texture": "#texture" },
        "west":  { "uv": [ 5, 2.75, 5.25, 3 ], "texture": "#texture" },
        "east":  { "uv": [ 5, 2.75, 5.25, 3 ], "texture": "#texture" }
    }
},
{
    "__comment": "Cube2",
    "from": [ 12.5, 3.5, 2.75 ],
    "to": [ 13.5, 6.5, 3.75 ],
    "faces": {
        "down":  { "uv": [ 5, 2.75, 5.25, 3 ], "texture": "#texture" },
        "up":    { "uv": [ 5, 2.25, 5.25, 2.5 ], "texture": "#texture" },
        "north": { "uv": [ 5, 2.25, 5.25, 3 ], "texture": "#texture" },
        "south": { "uv": [ 5, 2.25, 5.25, 3 ], "texture": "#texture" },
        "west":  { "uv": [ 5, 2.25, 5.25, 3 ], "texture": "#texture" },
        "east":  { "uv": [ 5, 2.25, 5.25, 3 ], "texture": "#texture" }
    }
},
{
    "__comment": "Cube2",
    "from": [ 11.5, 2.5, 3.5 ],
    "to": [ 12.5, 3.5, 4.5 ],
    "faces": {
        "down":  { "uv": [ 5, 2.75, 5.25, 3 ], "texture": "#texture" },
        "up":    { "uv": [ 5, 2.75, 5.25, 3 ], "texture": "#texture" },
        "north": { "uv": [ 5, 2.75, 5.25, 3 ], "texture": "#texture" },
        "south": { "uv": [ 5, 2.75, 5.25, 3 ], "texture": "#texture" },
        "west":  { "uv": [ 5, 2.75, 5.25, 3 ], "texture": "#texture" },
        "east":  { "uv": [ 5, 2.75, 5.25, 3 ], "texture": "#texture" }
    }
},
{
    "__comment": "Cube3",
    "from": [ 7, 6, 7 ],
    "to": [ 9, 8, 9 ],
    "faces": {
        "down":  { "uv": [ 0, 4.5, 0.5, 5 ], "texture": "#texture" },
        "up":    { "uv": [ 0, 4.5, 0.5, 5 ], "texture": "#texture" },
        "north": { "uv": [ 0, 4.5, 0.5, 5 ], "texture": "#texture" },
        "south": { "uv": [ 0, 4.5, 0.5, 5 ], "texture": "#texture" },
        "west":  { "uv": [ 0, 4.5, 0.5, 5 ], "texture": "#texture" },
        "east":  { "uv": [ 0, 4.5, 0.5, 5 ], "texture": "#texture" }
    }
},
{
    "__comment": "Cube3",
    "from": [ 6, 5, 6 ],
    "to": [ 10, 9, 10 ],
    "faces": {
        "down":  { "uv": [ 0.5, 4.5, 1.5, 5.5 ], "texture": "#texture" },
        "up":    { "uv": [ 0.5, 4.5, 1.5, 5.5 ], "texture": "#texture" },
        "north": { "uv": [ 0.5, 4.5, 1.5, 5.5 ], "texture": "#texture" },
        "south": { "uv": [ 0.5, 4.5, 1.5, 5.5 ], "texture": "#texture" },
        "west":  { "uv": [ 0.5, 4.5, 1.5, 5.5 ], "texture": "#texture" },
        "east":  { "uv": [ 0.5, 4.5, 1.5, 5.5 ], "texture": "#texture" }
    }
},
{
    "__comment": "Cube3",
    "from": [ 5, 4, 5 ],
    "to": [ 11, 10, 11 ],
    "faces": {
        "down":  { "uv": [ 1.5, 4.5, 3, 6 ], "texture": "#texture" },
        "up":    { "uv": [ 1.5, 4.5, 3, 6 ], "texture": "#texture" },
        "north": { "uv": [ 1.5, 4.5, 3, 6 ], "texture": "#texture" },
        "south": { "uv": [ 1.5, 4.5, 3, 6 ], "texture": "#texture" },
        "west":  { "uv": [ 1.5, 4.5, 3, 6 ], "texture": "#texture" },
        "east":  { "uv": [ 1.5, 4.5, 3, 6 ], "texture": "#texture" }
    }
},
{
    "__comment": "Cube3",
    "from": [ 4, 3, 4 ],
    "to": [ 12, 11, 12 ],
    "faces": {
        "down":  { "uv": [ 3, 4.5, 5, 6.5 ], "texture": "#texture" },
        "up":    { "uv": [ 3, 4.5, 5, 6.5 ], "texture": "#texture" },
        "north": { "uv": [ 3, 4.5, 5, 6.5 ], "texture": "#texture" },
        "south": { "uv": [ 3, 4.5, 5, 6.5 ], "texture": "#texture" },
        "west":  { "uv": [ 3, 4.5, 5, 6.5 ], "texture": "#texture" },
        "east":  { "uv": [ 3, 4.5, 5, 6.5 ], "texture": "#texture" }
    }
},
{
    "__comment": "Cube3",
    "from": [ 2.5, 4, 2.5 ],
    "to": [ 3.5, 7, 3.5 ],
    "faces": {
        "down":  { "uv": [ 5, 5, 5.25, 5.25 ], "texture": "#texture" },
        "up":    { "uv": [ 5, 4.5, 5.25, 4.75 ], "texture": "#texture" },
        "north": { "uv": [ 5, 4.5, 5.25, 5.25 ], "texture": "#texture" },
        "south": { "uv": [ 5, 4.5, 5.25, 5.25 ], "texture": "#texture" },
        "west":  { "uv": [ 5, 4.5, 5.25, 5.25 ], "texture": "#texture" },
        "east":  { "uv": [ 5, 4.5, 5.25, 5.25 ], "texture": "#texture" }
    }
},
{
    "__comment": "Cube3",
    "from": [ 3.5, 3, 3.5 ],
    "to": [ 4.5, 4, 4.5 ],
    "faces": {
        "down":  { "uv": [ 5, 5, 5.25, 5.25 ], "texture": "#texture" },
        "up":    { "uv": [ 5, 5, 5.25, 5.25 ], "texture": "#texture" },
        "north": { "uv": [ 5, 5, 5.25, 5.25 ], "texture": "#texture" },
        "south": { "uv": [ 5, 5, 5.25, 5.25 ], "texture": "#texture" },
        "west":  { "uv": [ 5, 5, 5.25, 5.25 ], "texture": "#texture" },
        "east":  { "uv": [ 5, 5, 5.25, 5.25 ], "texture": "#texture" }
    }
},
{
    "__comment": "Cube3",
    "from": [ 12.5, 4, 2.75 ],
    "to": [ 13.5, 7, 3.75 ],
    "faces": {
        "down":  { "uv": [ 5, 5, 5.25, 5.25 ], "texture": "#texture" },
        "up":    { "uv": [ 5, 4.5, 5.25, 4.75 ], "texture": "#texture" },
        "north": { "uv": [ 5, 4.5, 5.25, 5.25 ], "texture": "#texture" },
        "south": { "uv": [ 5, 4.5, 5.25, 5.25 ], "texture": "#texture" },
        "west":  { "uv": [ 5, 4.5, 5.25, 5.25 ], "texture": "#texture" },
        "east":  { "uv": [ 5, 4.5, 5.25, 5.25 ], "texture": "#texture" }
    }
},
{
    "__comment": "Cube3",
    "from": [ 11.5, 3, 3.5 ],
    "to": [ 12.5, 4, 4.5 ],
    "faces": {
        "down":  { "uv": [ 5, 5, 5.25, 5.25 ], "texture": "#texture" },
        "up":    { "uv": [ 5, 5, 5.25, 5.25 ], "texture": "#texture" },
        "north": { "uv": [ 5, 5, 5.25, 5.25 ], "texture": "#texture" },
        "south": { "uv": [ 5, 5, 5.25, 5.25 ], "texture": "#texture" },
        "west":  { "uv": [ 5, 5, 5.25, 5.25 ], "texture": "#texture" },
        "east":  { "uv": [ 5, 5, 5.25, 5.25 ], "texture": "#texture" }
    }
},
{
    "__comment": "Cube4",
    "from": [ 7, 6.5, 7 ],
    "to": [ 9, 8.5, 9 ],
    "faces": {
        "down":  { "uv": [ 0, 6.75, 0.5, 7.25 ], "texture": "#texture" },
        "up":    { "uv": [ 0, 6.75, 0.5, 7.25 ], "texture": "#texture" },
        "north": { "uv": [ 0, 6.75, 0.5, 7.25 ], "texture": "#texture" },
        "south": { "uv": [ 0, 6.75, 0.5, 7.25 ], "texture": "#texture" },
        "west":  { "uv": [ 0, 6.75, 0.5, 7.25 ], "texture": "#texture" },
        "east":  { "uv": [ 0, 6.75, 0.5, 7.25 ], "texture": "#texture" }
    }
},
{
    "__comment": "Cube4",
    "from": [ 6, 5.5, 6 ],
    "to": [ 10, 9.5, 10 ],
    "faces": {
        "down":  { "uv": [ 0.5, 6.75, 1.5, 7.75 ], "texture": "#texture" },
        "up":    { "uv": [ 0.5, 6.75, 1.5, 7.75 ], "texture": "#texture" },
        "north": { "uv": [ 0.5, 6.75, 1.5, 7.75 ], "texture": "#texture" },
        "south": { "uv": [ 0.5, 6.75, 1.5, 7.75 ], "texture": "#texture" },
        "west":  { "uv": [ 0.5, 6.75, 1.5, 7.75 ], "texture": "#texture" },
        "east":  { "uv": [ 0.5, 6.75, 1.5, 7.75 ], "texture": "#texture" }
    }
},
{
    "__comment": "Cube4",
    "from": [ 5, 4.5, 5 ],
    "to": [ 11, 10.5, 11 ],
    "faces": {
        "down":  { "uv": [ 1.5, 6.75, 3, 8.25 ], "texture": "#texture" },
        "up":    { "uv": [ 1.5, 6.75, 3, 8.25 ], "texture": "#texture" },
        "north": { "uv": [ 1.5, 6.75, 3, 8.25 ], "texture": "#texture" },
        "south": { "uv": [ 1.5, 6.75, 3, 8.25 ], "texture": "#texture" },
        "west":  { "uv": [ 1.5, 6.75, 3, 8.25 ], "texture": "#texture" },
        "east":  { "uv": [ 1.5, 6.75, 3, 8.25 ], "texture": "#texture" }
    }
},
{
    "__comment": "Cube4",
    "from": [ 4, 3.5, 4 ],
    "to": [ 12, 11.5, 12 ],
    "faces": {
        "down":  { "uv": [ 3, 6.75, 5, 8.75 ], "texture": "#texture" },
        "up":    { "uv": [ 3, 6.75, 5, 8.75 ], "texture": "#texture" },
        "north": { "uv": [ 3, 6.75, 5, 8.75 ], "texture": "#texture" },
        "south": { "uv": [ 3, 6.75, 5, 8.75 ], "texture": "#texture" },
        "west":  { "uv": [ 3, 6.75, 5, 8.75 ], "texture": "#texture" },
        "east":  { "uv": [ 3, 6.75, 5, 8.75 ], "texture": "#texture" }
    }
},
{
    "__comment": "Cube4",
    "from": [ 2.5, 4.5, 2.5 ],
    "to": [ 3.5, 7.5, 3.5 ],
    "faces": {
        "down":  { "uv": [ 5, 7.25, 5.25, 7.5 ], "texture": "#texture" },
        "up":    { "uv": [ 5, 6.75, 5.25, 7 ], "texture": "#texture" },
        "north": { "uv": [ 5, 6.75, 5.25, 7.5 ], "texture": "#texture" },
        "south": { "uv": [ 5, 6.75, 5.25, 7.5 ], "texture": "#texture" },
        "west":  { "uv": [ 5, 6.75, 5.25, 7.5 ], "texture": "#texture" },
        "east":  { "uv": [ 5, 6.75, 5.25, 7.5 ], "texture": "#texture" }
    }
},
{
    "__comment": "Cube4",
    "from": [ 3.5, 3.5, 3.5 ],
    "to": [ 4.5, 4.5, 4.5 ],
    "faces": {
        "down":  { "uv": [ 5, 7.25, 5.25, 7.5 ], "texture": "#texture" },
        "up":    { "uv": [ 5, 7.25, 5.25, 7.5 ], "texture": "#texture" },
        "north": { "uv": [ 5, 7.25, 5.25, 7.5 ], "texture": "#texture" },
        "south": { "uv": [ 5, 7.25, 5.25, 7.5 ], "texture": "#texture" },
        "west":  { "uv": [ 5, 7.25, 5.25, 7.5 ], "texture": "#texture" },
        "east":  { "uv": [ 5, 7.25, 5.25, 7.5 ], "texture": "#texture" }
    }
},
{
    "__comment": "Cube4",
    "from": [ 12.5, 4.5, 2.75 ],
    "to": [ 13.5, 7.5, 3.75 ],
    "faces": {
        "down":  { "uv": [ 5, 7.25, 5.25, 7.5 ], "texture": "#texture" },
        "up":    { "uv": [ 5, 6.75, 5.25, 7 ], "texture": "#texture" },
        "north": { "uv": [ 5, 6.75, 5.25, 7.5 ], "texture": "#texture" },
        "south": { "uv": [ 5, 6.75, 5.25, 7.5 ], "texture": "#texture" },
        "west":  { "uv": [ 5, 6.75, 5.25, 7.5 ], "texture": "#texture" },
        "east":  { "uv": [ 5, 6.75, 5.25, 7.5 ], "texture": "#texture" }
    }
},
{
    "__comment": "Cube4",
    "from": [ 11.5, 3.5, 3.5 ],
    "to": [ 12.5, 4.5, 4.5 ],
    "faces": {
        "down":  { "uv": [ 5, 7.25, 5.25, 7.5 ], "texture": "#texture" },
        "up":    { "uv": [ 5, 7.25, 5.25, 7.5 ], "texture": "#texture" },
        "north": { "uv": [ 5, 7.25, 5.25, 7.5 ], "texture": "#texture" },
        "south": { "uv": [ 5, 7.25, 5.25, 7.5 ], "texture": "#texture" },
        "west":  { "uv": [ 5, 7.25, 5.25, 7.5 ], "texture": "#texture" },
        "east":  { "uv": [ 5, 7.25, 5.25, 7.5 ], "texture": "#texture" }
    }
}
],
"display": {
    "thirdperson_righthand": {
        "rotation": [ 10, -45, -35 ],
        "translation": [ 0, 1.5, -2.75 ],
        "scale": [ 0.37, 0.37, 0.37 ]
    },
    "thirdperson_lefthand": {
        "rotation": [ 10, -45, -35 ],
        "translation": [ 0, 1.5, -2.75 ],
        "scale": [ 0.37, 0.37, 0.37 ]
    },
    "head": {
        "rotation": [ 0, 0, 0 ],
        "translation": [ 0, 3.4, 0 ],
        "scale": [ 1.75, 1.75, 1.75 ]
    },
    "ground": {
        "rotation": [ 0, 0, 0 ],
        "translation": [ 0, 3.97, 0 ],
        "scale": [ 0.5, 0.5, 0.5 ]
    },
    "fixed": {
        "rotation": [ 0, 0, 0 ],
        "translation": [ 0, 1.7, 0 ],
        "scale": [ 1, 1, 1 ]
    },
    "firstperson_righthand": {
        "rotation": [ 0, 10, 0 ],
        "translation": [ 0, 4.54, 0 ],
        "scale": [ 1, 1, 1 ]
    },
    "firstperson_lefthand": {
        "rotation": [ 0, 10, 0 ],
        "translation": [ 0, 4.54, 0 ],
        "scale": [ 1, 1, 1 ]
    },
    "gui": {
        "rotation": [ 45, -135, 0 ],
        "translation": [ 0, 1.89, 0 ],
        "scale": [ 1, 1, 1 ]
    }
}
}