{
"__comment": "Designed by MasterianoX",
"textures": {
    "particle": "blocks/observer_top",
    "texture": "blocks/tech_table",
    "jewelers_table": "blocks/jewelers_table"
},
"elements": [ 
{
    "from": [ 7, 17, 3 ],
    "to": [ 9, 20, 5 ],
    "faces": {
        "down":  { "uv": [ 5, 7.5, 5.5, 8 ], "texture": "#jewelers_table" },
        "up":    { "uv": [ 4.5, 7.5, 5, 8 ], "texture": "#jewelers_table" },
        "north": { "uv": [ 4.5, 6.5, 5, 7.25 ], "texture": "#jewelers_table" },
        "south": { "uv": [ 5.5, 6.5, 6, 7.25 ], "texture": "#jewelers_table" },
        "west":  { "uv": [ 5, 6.5, 5.5, 7.25 ], "texture": "#jewelers_table" },
        "east":  { "uv": [ 6, 6.5, 6.5, 7.25 ], "texture": "#jewelers_table" }
    }
},
{
    "from": [ 7.5, 20, 3.5 ],
    "to": [ 8.5, 20.5, 4.5 ],
    "faces": {
        "down":  { "uv": [ 6.75, 6.5, 7, 6.75 ], "texture": "#jewelers_table" },
        "up":    { "uv": [ 6.75, 6.5, 7, 6.75 ], "texture": "#jewelers_table" },
        "north": { "uv": [ 6.75, 6.5, 7, 6.75 ], "texture": "#jewelers_table" },
        "south": { "uv": [ 6.75, 6.5, 7, 6.75 ], "texture": "#jewelers_table" },
        "west":  { "uv": [ 6.75, 6.5, 7, 6.75 ], "texture": "#jewelers_table" },
        "east":  { "uv": [ 6.75, 6.5, 7, 6.75 ], "texture": "#jewelers_table" }
    }
},
{
    "from": [ 7.75, 20.5, 3.75 ],
    "to": [ 8.25, 21.5, 4.25 ],
    "faces": {
        "down":  { "uv": [ 6.75, 6.25, 7, 6.5 ], "texture": "#jewelers_table" },
        "up":    { "uv": [ 6.75, 6.25, 7, 6.5 ], "texture": "#jewelers_table" },
        "north": { "uv": [ 6.75, 6.25, 7, 6.5 ], "texture": "#jewelers_table" },
        "south": { "uv": [ 6.75, 6.25, 7, 6.5 ], "texture": "#jewelers_table" },
        "west":  { "uv": [ 6.75, 6.25, 7, 6.5 ], "texture": "#jewelers_table" },
        "east":  { "uv": [ 6.75, 6.25, 7, 6.5 ], "texture": "#jewelers_table" }
    }
},
{
    "__comment": "Bumps",
    "from": [ 1, 13, 15 ],
    "to": [ 3, 14, 16 ],
    "faces": {
        "down":  { "uv": [ 0.75, 0.5, 0.25, 0.75 ], "rotation": 180, "texture": "#texture" },
        "up":    { "uv": [ 0.25, 0.5, 0.75, 0.75 ], "texture": "#texture" },
        "north": { "uv": [ 0.25, 0.5, 0.75, 0.75 ], "texture": "#texture" },
        "south": { "uv": [ 0.25, 0.5, 0.75, 0.75 ], "texture": "#texture" },
        "west":  { "uv": [ 0.25, 0.5, 0.5, 0.75 ], "texture": "#texture" },
        "east":  { "uv": [ 0.5, 0.5, 0.75, 0.75 ], "texture": "#texture" }
    }
},
{
    "__comment": "Bumps",
    "from": [ 13, 13, 15 ],
    "to": [ 15, 14, 16 ],
    "faces": {
        "down":  { "uv": [ 3.75, 0.5, 3.25, 0.75 ], "rotation": 180, "texture": "#texture" },
        "up":    { "uv": [ 3.25, 0.5, 3.75, 0.75 ], "texture": "#texture" },
        "north": { "uv": [ 3.25, 0.5, 3.75, 0.75 ], "texture": "#texture" },
        "south": { "uv": [ 3.25, 0.5, 3.75, 0.75 ], "texture": "#texture" },
        "west":  { "uv": [ 3.25, 0.5, 3.5, 0.75 ], "texture": "#texture" },
        "east":  { "uv": [ 3.5, 0.5, 3.75, 0.75 ], "texture": "#texture" }
    }
},
{
    "__comment": "Bumps",
    "from": [ 1, 12, 15 ],
    "to": [ 2, 13, 16 ],
    "faces": {
        "down":  { "uv": [ 0.25, 0.75, 0.5, 1 ], "rotation": 90, "texture": "#texture" },
        "up":    { "uv": [ 0.25, 0.75, 0.5, 1 ], "rotation": 270, "texture": "#texture" },
        "north": { "uv": [ 0.25, 0.75, 0.5, 1 ], "texture": "#texture" },
        "south": { "uv": [ 0.25, 0.75, 0.5, 1 ], "texture": "#texture" },
        "west":  { "uv": [ 0.25, 0.75, 0.5, 1 ], "texture": "#texture" },
        "east":  { "uv": [ 0.25, 0.75, 0.5, 1 ], "texture": "#texture" }
    }
},
{
    "__comment": "Bumps",
    "from": [ 14, 12, 15 ],
    "to": [ 15, 13, 16 ],
    "faces": {
        "down":  { "uv": [ 0.25, 0.75, 0.5, 1 ], "rotation": 90, "texture": "#texture" },
        "up":    { "uv": [ 0.25, 0.75, 0.5, 1 ], "rotation": 270, "texture": "#texture" },
        "north": { "uv": [ 0.25, 0.75, 0.5, 1 ], "texture": "#texture" },
        "south": { "uv": [ 0.25, 0.75, 0.5, 1 ], "texture": "#texture" },
        "west":  { "uv": [ 0.25, 0.75, 0.5, 1 ], "texture": "#texture" },
        "east":  { "uv": [ 0.25, 0.75, 0.5, 1 ], "texture": "#texture" }
    }
},
{
    "__comment": "Bumps",
    "from": [ 1, 2, 15 ],
    "to": [ 2, 3, 16 ],
    "faces": {
        "down":  { "uv": [ 8.25, 3.25, 8.5, 3.5 ], "rotation": 90, "texture": "#texture" },
        "up":    { "uv": [ 8.25, 3.25, 8.5, 3.5 ], "rotation": 270, "texture": "#texture" },
        "north": { "uv": [ 8.25, 3.25, 8.5, 3.5 ], "texture": "#texture" },
        "south": { "uv": [ 8.25, 3.25, 8.5, 3.5 ], "texture": "#texture" },
        "west":  { "uv": [ 8.25, 3.25, 8.5, 3.5 ], "texture": "#texture" },
        "east":  { "uv": [ 8.25, 3.25, 8.5, 3.5 ], "texture": "#texture" }
    }
},
{
    "__comment": "Bumps",
    "from": [ 14, 2, 15 ],
    "to": [ 15, 3, 16 ],
    "faces": {
        "down":  { "uv": [ 11.5, 3.25, 11.75, 3.5 ], "rotation": 90, "texture": "#texture" },
        "up":    { "uv": [ 11.5, 3.25, 11.75, 3.5 ], "rotation": 270, "texture": "#texture" },
        "north": { "uv": [ 11.5, 3.25, 11.75, 3.5 ], "texture": "#texture" },
        "south": { "uv": [ 11.5, 3.25, 11.75, 3.5 ], "texture": "#texture" },
        "west":  { "uv": [ 11.5, 3.25, 11.75, 3.5 ], "texture": "#texture" },
        "east":  { "uv": [ 11.5, 3.25, 11.75, 3.5 ], "texture": "#texture" }
    }
},
{
    "__comment": "Bumps",
    "from": [ 1, 1, 15 ],
    "to": [ 3, 2, 16 ],
    "faces": {
        "down":  { "uv": [ 8.75, 3.5, 8.25, 3.75 ], "rotation": 180, "texture": "#texture" },
        "up":    { "uv": [ 8.25, 3.5, 8.75, 3.75 ], "texture": "#texture" },
        "north": { "uv": [ 8.25, 3.5, 8.75, 3.75 ], "texture": "#texture" },
        "south": { "uv": [ 8.25, 3.5, 8.75, 3.75 ], "texture": "#texture" },
        "west":  { "uv": [ 8.25, 3.5, 8.5, 3.75 ], "texture": "#texture" },
        "east":  { "uv": [ 8.5, 3.5, 8.75, 3.75 ], "texture": "#texture" }
    }
},
{
    "__comment": "Bumps",
    "from": [ 13, 1, 15 ],
    "to": [ 15, 2, 16 ],
    "faces": {
        "down":  { "uv": [ 11.75, 3.5, 11.25, 3.75 ], "rotation": 180, "texture": "#texture" },
        "up":    { "uv": [ 11.25, 3.5, 11.75, 3.75 ], "texture": "#texture" },
        "north": { "uv": [ 11.25, 3.5, 11.75, 3.75 ], "texture": "#texture" },
        "south": { "uv": [ 11.25, 3.5, 11.75, 3.75 ], "texture": "#texture" },
        "west":  { "uv": [ 11.25, 3.5, 11.5, 3.75 ], "texture": "#texture" },
        "east":  { "uv": [ 11.5, 3.5, 11.75, 3.75 ], "texture": "#texture" }
    }
},
{
    "__comment": "Bumps",
    "from": [ 13, 13, 0 ],
    "to": [ 15, 14, 1 ],
    "faces": {
        "down":  { "uv": [ 0.75, 0.5, 0.25, 0.75 ], "texture": "#texture" },
        "up":    { "uv": [ 0.25, 0.5, 0.75, 0.75 ], "rotation": 180, "texture": "#texture" },
        "north": { "uv": [ 0.25, 0.5, 0.75, 0.75 ], "texture": "#texture" },
        "south": { "uv": [ 0.25, 0.5, 0.75, 0.75 ], "texture": "#texture" },
        "west":  { "uv": [ 0.5, 0.5, 0.75, 0.75 ], "texture": "#texture" },
        "east":  { "uv": [ 0.25, 0.5, 0.5, 0.75 ], "texture": "#texture" }
    }
},
{
    "__comment": "Bumps",
    "from": [ 1, 13, 0 ],
    "to": [ 3, 14, 1 ],
    "faces": {
        "down":  { "uv": [ 3.75, 0.5, 3.25, 0.75 ], "texture": "#texture" },
        "up":    { "uv": [ 3.25, 0.5, 3.75, 0.75 ], "rotation": 180, "texture": "#texture" },
        "north": { "uv": [ 3.25, 0.5, 3.75, 0.75 ], "texture": "#texture" },
        "south": { "uv": [ 3.25, 0.5, 3.75, 0.75 ], "texture": "#texture" },
        "west":  { "uv": [ 3.5, 0.5, 3.75, 0.75 ], "texture": "#texture" },
        "east":  { "uv": [ 3.25, 0.5, 3.5, 0.75 ], "texture": "#texture" }
    }
},
{
    "__comment": "Bumps",
    "from": [ 14, 12, 0 ],
    "to": [ 15, 13, 1 ],
    "faces": {
        "down":  { "uv": [ 0.25, 0.75, 0.5, 1 ], "rotation": 270, "texture": "#texture" },
        "up":    { "uv": [ 0.25, 0.75, 0.5, 1 ], "rotation": 90, "texture": "#texture" },
        "north": { "uv": [ 0.25, 0.75, 0.5, 1 ], "texture": "#texture" },
        "south": { "uv": [ 0.25, 0.75, 0.5, 1 ], "texture": "#texture" },
        "west":  { "uv": [ 0.25, 0.75, 0.5, 1 ], "texture": "#texture" },
        "east":  { "uv": [ 0.25, 0.75, 0.5, 1 ], "texture": "#texture" }
    }
},
{
    "__comment": "Bumps",
    "from": [ 1, 12, 0 ],
    "to": [ 2, 13, 1 ],
    "faces": {
        "down":  { "uv": [ 0.25, 0.75, 0.5, 1 ], "rotation": 270, "texture": "#texture" },
        "up":    { "uv": [ 0.25, 0.75, 0.5, 1 ], "rotation": 90, "texture": "#texture" },
        "north": { "uv": [ 0.25, 0.75, 0.5, 1 ], "texture": "#texture" },
        "south": { "uv": [ 0.25, 0.75, 0.5, 1 ], "texture": "#texture" },
        "west":  { "uv": [ 0.25, 0.75, 0.5, 1 ], "texture": "#texture" },
        "east":  { "uv": [ 0.25, 0.75, 0.5, 1 ], "texture": "#texture" }
    }
},
{
    "__comment": "Bumps",
    "from": [ 14, 2, 0 ],
    "to": [ 15, 3, 1 ],
    "faces": {
        "down":  { "uv": [ 8.25, 3.25, 8.5, 3.5 ], "rotation": 270, "texture": "#texture" },
        "up":    { "uv": [ 8.25, 3.25, 8.5, 3.5 ], "rotation": 90, "texture": "#texture" },
        "north": { "uv": [ 8.25, 3.25, 8.5, 3.5 ], "texture": "#texture" },
        "south": { "uv": [ 8.25, 3.25, 8.5, 3.5 ], "texture": "#texture" },
        "west":  { "uv": [ 8.25, 3.25, 8.5, 3.5 ], "texture": "#texture" },
        "east":  { "uv": [ 8.25, 3.25, 8.5, 3.5 ], "texture": "#texture" }
    }
},
{
    "__comment": "Bumps",
    "from": [ 1, 2, 0 ],
    "to": [ 2, 3, 1 ],
    "faces": {
        "down":  { "uv": [ 11.5, 3.25, 11.75, 3.5 ], "rotation": 270, "texture": "#texture" },
        "up":    { "uv": [ 11.5, 3.25, 11.75, 3.5 ], "rotation": 90, "texture": "#texture" },
        "north": { "uv": [ 11.5, 3.25, 11.75, 3.5 ], "texture": "#texture" },
        "south": { "uv": [ 11.5, 3.25, 11.75, 3.5 ], "texture": "#texture" },
        "west":  { "uv": [ 11.5, 3.25, 11.75, 3.5 ], "texture": "#texture" },
        "east":  { "uv": [ 11.5, 3.25, 11.75, 3.5 ], "texture": "#texture" }
    }
},
{
    "__comment": "Bumps",
    "from": [ 13, 1, 0 ],
    "to": [ 15, 2, 1 ],
    "faces": {
        "down":  { "uv": [ 8.75, 3.5, 8.25, 3.75 ], "texture": "#texture" },
        "up":    { "uv": [ 8.25, 3.5, 8.75, 3.75 ], "rotation": 180, "texture": "#texture" },
        "north": { "uv": [ 8.25, 3.5, 8.75, 3.75 ], "texture": "#texture" },
        "south": { "uv": [ 8.25, 3.5, 8.75, 3.75 ], "texture": "#texture" },
        "west":  { "uv": [ 8.5, 3.5, 8.75, 3.75 ], "texture": "#texture" },
        "east":  { "uv": [ 8.25, 3.5, 8.5, 3.75 ], "texture": "#texture" }
    }
},
{
    "__comment": "Bumps",
    "from": [ 1, 1, 0 ],
    "to": [ 3, 2, 1 ],
    "faces": {
        "down":  { "uv": [ 11.75, 3.5, 11.25, 3.75 ], "texture": "#texture" },
        "up":    { "uv": [ 11.25, 3.5, 11.75, 3.75 ], "rotation": 180, "texture": "#texture" },
        "north": { "uv": [ 11.25, 3.5, 11.75, 3.75 ], "texture": "#texture" },
        "south": { "uv": [ 11.25, 3.5, 11.75, 3.75 ], "texture": "#texture" },
        "west":  { "uv": [ 11.5, 3.5, 11.75, 3.75 ], "texture": "#texture" },
        "east":  { "uv": [ 11.25, 3.5, 11.5, 3.75 ], "texture": "#texture" }
    }
},
{
    "from": [ 0, 0, 0 ],
    "to": [ 16, 1, 16 ],
    "faces": {
        "down":  { "uv": [ 4, 0, 8, 4 ], "texture": "#texture" },
        "up":    { "uv": [ 4, 0, 8, 4 ], "texture": "#texture" },
        "north": { "uv": [ 0, 3.75, 4, 4 ], "texture": "#texture" },
        "south": { "uv": [ 0, 3.75, 4, 4 ], "texture": "#texture" },
        "west":  { "uv": [ 0, 3.75, 4, 4 ], "texture": "#texture" },
        "east":  { "uv": [ 0, 3.75, 4, 4 ], "texture": "#texture" }
    }
},
{
    "from": [ 0, 1, 0 ],
    "to": [ 1, 14, 1 ],
    "faces": {
        "down":  { "uv": [ 0, 3.5, 0.25, 3.75 ], "texture": "#texture" },
        "up":    { "uv": [ 0, 0.5, 0.25, 0.75 ], "texture": "#texture" },
        "north": { "uv": [ 0, 0.5, 0.25, 3.75 ], "texture": "#texture" },
        "south": { "uv": [ 0, 0.5, 0.25, 3.75 ], "texture": "#texture" },
        "west":  { "uv": [ 0, 0.5, 0.25, 3.75 ], "texture": "#texture" },
        "east":  { "uv": [ 0, 0.5, 0.25, 3.75 ], "texture": "#texture" }
    }
},
{
    "from": [ 15, 1, 0 ],
    "to": [ 16, 14, 1 ],
    "faces": {
        "down":  { "uv": [ 0, 3.5, 0.25, 3.75 ], "texture": "#texture" },
        "up":    { "uv": [ 0, 0.5, 0.25, 0.75 ], "texture": "#texture" },
        "north": { "uv": [ 0, 0.5, 0.25, 3.75 ], "texture": "#texture" },
        "south": { "uv": [ 0, 0.5, 0.25, 3.75 ], "texture": "#texture" },
        "west":  { "uv": [ 0, 0.5, 0.25, 3.75 ], "texture": "#texture" },
        "east":  { "uv": [ 0, 0.5, 0.25, 3.75 ], "texture": "#texture" }
    }
},
{
    "from": [ 1, 1, 1 ],
    "to": [ 15, 14, 15 ],
    "faces": {
        "down":  { "uv": [ 4, 0, 8, 4 ], "texture": "#texture" },
        "up":    { "uv": [ 4, 0, 8, 4 ], "texture": "#texture" },
        "north": { "uv": [ 8.25, 4.5, 11.75, 7.75 ], "texture": "#texture" },
        "south": { "uv": [ 12.25, 0.5, 15.75, 3.75 ], "texture": "#texture" },
        "west":  { "uv": [ 8.25, 0.5, 11.75, 3.75 ], "texture": "#texture" },
        "east":  { "uv": [ 0.25, 0.5, 3.75, 3.75 ], "texture": "#texture" }
    }
},
{
    "from": [ 0, 1, 15 ],
    "to": [ 1, 14, 16 ],
    "faces": {
        "down":  { "uv": [ 3.75, 3.5, 4, 3.75 ], "texture": "#texture" },
        "up":    { "uv": [ 3.75, 0.5, 4, 0.75 ], "texture": "#texture" },
        "north": { "uv": [ 3.75, 0.5, 4, 3.75 ], "texture": "#texture" },
        "south": { "uv": [ 3.75, 0.5, 4, 3.75 ], "texture": "#texture" },
        "west":  { "uv": [ 3.75, 0.5, 4, 3.75 ], "texture": "#texture" },
        "east":  { "uv": [ 3.75, 0.5, 4, 3.75 ], "texture": "#texture" }
    }
},
{
    "from": [ 15, 1, 15 ],
    "to": [ 16, 14, 16 ],
    "faces": {
        "down":  { "uv": [ 3.75, 3.5, 4, 3.75 ], "texture": "#texture" },
        "up":    { "uv": [ 3.75, 0.5, 4, 0.75 ], "texture": "#texture" },
        "north": { "uv": [ 3.75, 0.5, 4, 3.75 ], "texture": "#texture" },
        "south": { "uv": [ 3.75, 0.5, 4, 3.75 ], "texture": "#texture" },
        "west":  { "uv": [ 3.75, 0.5, 4, 3.75 ], "texture": "#texture" },
        "east":  { "uv": [ 3.75, 0.5, 4, 3.75 ], "texture": "#texture" }
    }
},
{
    "from": [ 0, 14, 0 ],
    "to": [ 16, 16, 16 ],
    "faces": {
        "down":  { "uv": [ 4, 4, 8, 8 ], "texture": "#texture" },
        "up":    { "uv": [ 0, 4, 4, 8 ], "texture": "#texture" },
        "north": { "uv": [ 0, 0, 4, 0.5 ], "texture": "#texture" },
        "south": { "uv": [ 0, 0, 4, 0.5 ], "texture": "#texture" },
        "west":  { "uv": [ 0, 0, 4, 0.5 ], "texture": "#texture" },
        "east":  { "uv": [ 0, 0, 4, 0.5 ], "texture": "#texture" }
    }
},
{
    "from": [ 2.4836, 15.5, 0.5 ],
    "to": [ 3.4836, 21.5, 8.5 ],
    "rotation": { "origin": [ 2.4836, 21.5, 0.5 ], "axis": "z", "angle": -22.5 },
    "faces": {
        "down":  { "uv": [ 12, 5.25, 14, 5.5 ], "texture": "#texture" },
        "up":    { "uv": [ 12, 4, 14, 4.25 ], "texture": "#texture" },
        "north": { "uv": [ 12, 4, 12.25, 5.5 ], "texture": "#texture" },
        "south": { "uv": [ 13.75, 4, 14, 5.5 ], "texture": "#texture" },
        "west":  { "uv": [ 12, 4, 14, 5.5 ], "texture": "#texture" },
        "east":  { "uv": [ 12, 4, 12.25, 5.5 ], "texture": "#texture" }
    }
},
{
    "from": [ 1, 16, 1 ],
    "to": [ 15, 16.5, 15 ],
    "faces": {
        "down":  { "uv": [ 0.25, 4.25, 3.75, 7.75 ], "texture": "#texture" },
        "up":    { "uv": [ 0.25, 4.25, 3.75, 7.75 ], "texture": "#texture" },
        "north": { "uv": [ 3.75, 4.25, 0.25, 4.5 ], "texture": "#texture" },
        "south": { "uv": [ 0.25, 7.5, 3.75, 7.75 ], "texture": "#texture" },
        "west":  { "uv": [ 0.25, 7.75, 0.5, 4.25 ], "rotation": 90, "texture": "#texture" },
        "east":  { "uv": [ 3.5, 4.25, 3.75, 7.75 ], "rotation": 90, "texture": "#texture" }
    }
},
{
    "from": [ 2, 16.5, 2 ],
    "to": [ 14, 17, 14 ],
    "faces": {
        "down":  { "uv": [ 0.5, 4.5, 3.5, 7.5 ], "texture": "#texture" },
        "up":    { "uv": [ 0.5, 4.5, 3.5, 7.5 ], "texture": "#texture" },
        "north": { "uv": [ 3.5, 4.5, 0.5, 4.75 ], "texture": "#texture" },
        "south": { "uv": [ 0.5, 7.25, 3.5, 7.5 ], "texture": "#texture" },
        "west":  { "uv": [ 0.5, 7.5, 0.75, 4.5 ], "rotation": 90, "texture": "#texture" },
        "east":  { "uv": [ 3.25, 4.5, 3.5, 7.5 ], "rotation": 90, "texture": "#texture" }
    }
},
{
    "from": [ 0.5, 11, 2 ],
    "to": [ 1, 12, 14 ],
    "faces": {
        "down":  { "uv": [ 8.5, 1, 8.75, 1.25 ], "texture": "#texture" },
        "up":    { "uv": [ 8.5, 1, 8.75, 1.25 ], "texture": "#texture" },
        "north": { "uv": [ 8.5, 1, 8.75, 1.25 ], "texture": "#texture" },
        "south": { "uv": [ 8.5, 1, 8.75, 1.25 ], "texture": "#texture" },
        "west":  { "uv": [ 8.5, 1, 8.75, 1.25 ], "texture": "#texture" },
        "east":  { "uv": [ 8.5, 1, 8.75, 1.25 ], "texture": "#texture" }
    }
},
{
    "from": [ 0.5, 5, 2 ],
    "to": [ 1, 6, 14 ],
    "faces": {
        "down":  { "uv": [ 8.5, 1, 8.75, 1.25 ], "texture": "#texture" },
        "up":    { "uv": [ 8.5, 1, 8.75, 1.25 ], "texture": "#texture" },
        "north": { "uv": [ 8.5, 1, 8.75, 1.25 ], "texture": "#texture" },
        "south": { "uv": [ 8.5, 1, 8.75, 1.25 ], "texture": "#texture" },
        "west":  { "uv": [ 8.5, 1, 8.75, 1.25 ], "texture": "#texture" },
        "east":  { "uv": [ 8.5, 1, 8.75, 1.25 ], "texture": "#texture" }
    }
},
{
    "from": [ 0.5, 6, 2 ],
    "to": [ 1, 11, 3 ],
    "faces": {
        "down":  { "uv": [ 8.5, 1, 8.75, 1.25 ], "texture": "#texture" },
        "up":    { "uv": [ 8.5, 1, 8.75, 1.25 ], "texture": "#texture" },
        "north": { "uv": [ 8.5, 1, 8.75, 1.25 ], "texture": "#texture" },
        "south": { "uv": [ 8.5, 1, 8.75, 1.25 ], "texture": "#texture" },
        "west":  { "uv": [ 8.5, 1, 8.75, 1.25 ], "texture": "#texture" },
        "east":  { "uv": [ 8.5, 1, 8.75, 1.25 ], "texture": "#texture" }
    }
},
{
    "from": [ 0.5, 6, 13 ],
    "to": [ 1, 11, 14 ],
    "faces": {
        "down":  { "uv": [ 8.5, 1, 8.75, 1.25 ], "texture": "#texture" },
        "up":    { "uv": [ 8.5, 1, 8.75, 1.25 ], "texture": "#texture" },
        "north": { "uv": [ 8.5, 1, 8.75, 1.25 ], "texture": "#texture" },
        "south": { "uv": [ 8.5, 1, 8.75, 1.25 ], "texture": "#texture" },
        "west":  { "uv": [ 8.5, 1, 8.75, 1.25 ], "texture": "#texture" },
        "east":  { "uv": [ 8.5, 1, 8.75, 1.25 ], "texture": "#texture" }
    }
},
{
    "from": [ 0.5, 2, 4 ],
    "to": [ 1, 3, 12 ],
    "faces": {
        "down":  { "uv": [ 9, 3.25, 9.25, 3.5 ], "texture": "#texture" },
        "up":    { "uv": [ 9, 3.25, 9.25, 3.5 ], "texture": "#texture" },
        "north": { "uv": [ 9, 3.25, 9.25, 3.5 ], "texture": "#texture" },
        "south": { "uv": [ 9, 3.25, 9.25, 3.5 ], "texture": "#texture" },
        "west":  { "uv": [ 9, 3.25, 9.25, 3.5 ], "texture": "#texture" },
        "east":  { "uv": [ 9, 3.25, 9.25, 3.5 ], "texture": "#texture" }
    }
},
{
    "from": [ 3, 6.5, 1 ],
    "to": [ 13, 7.5, 1.5 ],
    "rotation": { "origin": [ 3, 7.5, 1 ], "axis": "x", "angle": 22.5 },
    "faces": {
        "down":  { "uv": [ 11.25, 6, 8.75, 6.25 ], "texture": "#texture" },
        "up":    { "uv": [ 8.75, 6, 11.25, 6.25 ], "texture": "#texture" },
        "north": { "uv": [ 8.75, 6, 11.25, 6.25 ], "texture": "#texture" },
        "south": { "uv": [ 8.75, 6, 11.25, 6.25 ], "texture": "#texture" },
        "west":  { "uv": [ 8.75, 6, 9, 6.25 ], "texture": "#texture" },
        "east":  { "uv": [ 11, 6, 11.25, 6.25 ], "texture": "#texture" }
    }
},
{
    "from": [ 3, 4.5, 1 ],
    "to": [ 13, 5.5, 1.5 ],
    "rotation": { "origin": [ 3, 5.5, 1 ], "axis": "x", "angle": 22.5 },
    "faces": {
        "down":  { "uv": [ 11.25, 6.5, 8.75, 6.75 ], "texture": "#texture" },
        "up":    { "uv": [ 8.75, 6.5, 11.25, 6.75 ], "texture": "#texture" },
        "north": { "uv": [ 8.75, 6.5, 11.25, 6.75 ], "texture": "#texture" },
        "south": { "uv": [ 8.75, 6.5, 11.25, 6.75 ], "texture": "#texture" },
        "west":  { "uv": [ 8.75, 6.5, 9, 6.75 ], "texture": "#texture" },
        "east":  { "uv": [ 11, 6.5, 11.25, 6.75 ], "texture": "#texture" }
    }
},
{
    "from": [ 10, 9, 0.5 ],
    "to": [ 13, 13, 1 ],
    "faces": {
        "down":  { "uv": [ 8.75, 5.5, 9.5, 5.75 ], "texture": "#texture" },
        "up":    { "uv": [ 8.75, 4.75, 9.5, 5 ], "texture": "#texture" },
        "north": { "uv": [ 8.75, 4.75, 9.5, 5.75 ], "texture": "#texture" },
        "south": { "uv": [ 8.75, 4.75, 9.5, 5.75 ], "texture": "#texture" },
        "west":  { "uv": [ 8.75, 4.75, 9, 5.75 ], "texture": "#texture" },
        "east":  { "uv": [ 9.25, 4.75, 9.5, 5.75 ], "texture": "#texture" }
    }
},
{
    "from": [ 11, 10, 0 ],
    "to": [ 12, 12, 0.5 ],
    "faces": {
        "down":  { "uv": [ 9, 5.25, 9.25, 5.5 ], "texture": "#texture" },
        "up":    { "uv": [ 9, 5, 9.25, 5.25 ], "texture": "#texture" },
        "north": { "uv": [ 9, 5, 9.25, 5.5 ], "texture": "#texture" },
        "south": { "uv": [ 9, 5, 9.25, 5.5 ], "texture": "#texture" },
        "west":  { "uv": [ 9, 5, 9.25, 5.5 ], "texture": "#texture" },
        "east":  { "uv": [ 9, 5, 9.25, 5.5 ], "texture": "#texture" }
    }
},
{
    "from": [ 8, 9, 0.5 ],
    "to": [ 9, 13, 1 ],
    "faces": {
        "down":  { "uv": [ 9.75, 5.5, 10, 5.75 ], "texture": "#texture" },
        "up":    { "uv": [ 9.75, 4.75, 10, 5 ], "texture": "#texture" },
        "north": { "uv": [ 9.75, 4.75, 10, 5.75 ], "texture": "#texture" },
        "south": { "uv": [ 9.75, 4.75, 10, 5.75 ], "texture": "#texture" },
        "west":  { "uv": [ 9.75, 4.75, 10, 5.75 ], "texture": "#texture" },
        "east":  { "uv": [ 9.75, 4.75, 10, 5.75 ], "texture": "#texture" }
    }
},
{
    "from": [ 3, 9, 0.5 ],
    "to": [ 4, 13, 1 ],
    "faces": {
        "down":  { "uv": [ 9.75, 5.5, 10, 5.75 ], "texture": "#texture" },
        "up":    { "uv": [ 9.75, 4.75, 10, 5 ], "texture": "#texture" },
        "north": { "uv": [ 9.75, 4.75, 10, 5.75 ], "texture": "#texture" },
        "south": { "uv": [ 9.75, 4.75, 10, 5.75 ], "texture": "#texture" },
        "west":  { "uv": [ 9.75, 4.75, 10, 5.75 ], "texture": "#texture" },
        "east":  { "uv": [ 9.75, 4.75, 10, 5.75 ], "texture": "#texture" }
    }
},
{
    "from": [ 4, 12, 0.5 ],
    "to": [ 8, 13, 1 ],
    "faces": {
        "down":  { "uv": [ 9.75, 5.5, 10, 5.75 ], "texture": "#texture" },
        "up":    { "uv": [ 9.75, 4.75, 10, 5 ], "texture": "#texture" },
        "north": { "uv": [ 9.75, 4.75, 10, 5.75 ], "texture": "#texture" },
        "south": { "uv": [ 9.75, 4.75, 10, 5.75 ], "texture": "#texture" },
        "west":  { "uv": [ 9.75, 4.75, 10, 5.75 ], "texture": "#texture" },
        "east":  { "uv": [ 9.75, 4.75, 10, 5.75 ], "texture": "#texture" }
    }
},
{
    "from": [ 4, 9, 0.5 ],
    "to": [ 8, 10, 1 ],
    "faces": {
        "down":  { "uv": [ 9.75, 5.5, 10, 5.75 ], "texture": "#texture" },
        "up":    { "uv": [ 9.75, 4.75, 10, 5 ], "texture": "#texture" },
        "north": { "uv": [ 9.75, 4.75, 10, 5.75 ], "texture": "#texture" },
        "south": { "uv": [ 9.75, 4.75, 10, 5.75 ], "texture": "#texture" },
        "west":  { "uv": [ 9.75, 4.75, 10, 5.75 ], "texture": "#texture" },
        "east":  { "uv": [ 9.75, 4.75, 10, 5.75 ], "texture": "#texture" }
    }
},
{
    "__comment": "Bumps",
    "from": [ 0, 13, 1 ],
    "to": [ 1, 14, 3 ],
    "faces": {
        "down":  { "uv": [ 0.75, 0.5, 0.25, 0.75 ], "rotation": 90, "texture": "#texture" },
        "up":    { "uv": [ 0.25, 0.5, 0.75, 0.75 ], "rotation": 90, "texture": "#texture" },
        "north": { "uv": [ 0.25, 0.5, 0.5, 0.75 ], "texture": "#texture" },
        "south": { "uv": [ 0.5, 0.5, 0.75, 0.75 ], "texture": "#texture" },
        "west":  { "uv": [ 0.25, 0.5, 0.75, 0.75 ], "texture": "#texture" },
        "east":  { "uv": [ 0.25, 0.5, 0.75, 0.75 ], "texture": "#texture" }
    }
},
{
    "__comment": "Bumps",
    "from": [ 0, 13, 13 ],
    "to": [ 1, 14, 15 ],
    "faces": {
        "down":  { "uv": [ 3.75, 0.5, 3.25, 0.75 ], "rotation": 90, "texture": "#texture" },
        "up":    { "uv": [ 3.25, 0.5, 3.75, 0.75 ], "rotation": 90, "texture": "#texture" },
        "north": { "uv": [ 3.25, 0.5, 3.5, 0.75 ], "texture": "#texture" },
        "south": { "uv": [ 3.5, 0.5, 3.75, 0.75 ], "texture": "#texture" },
        "west":  { "uv": [ 3.25, 0.5, 3.75, 0.75 ], "texture": "#texture" },
        "east":  { "uv": [ 3.25, 0.5, 3.75, 0.75 ], "texture": "#texture" }
    }
},
{
    "__comment": "Bumps",
    "from": [ 0, 12, 1 ],
    "to": [ 1, 13, 2 ],
    "faces": {
        "down":  { "uv": [ 0.25, 0.75, 0.5, 1 ], "texture": "#texture" },
        "up":    { "uv": [ 0.25, 0.75, 0.5, 1 ], "texture": "#texture" },
        "north": { "uv": [ 0.25, 0.75, 0.5, 1 ], "texture": "#texture" },
        "south": { "uv": [ 0.25, 0.75, 0.5, 1 ], "texture": "#texture" },
        "west":  { "uv": [ 0.25, 0.75, 0.5, 1 ], "texture": "#texture" },
        "east":  { "uv": [ 0.25, 0.75, 0.5, 1 ], "texture": "#texture" }
    }
},
{
    "__comment": "Bumps",
    "from": [ 0, 12, 14 ],
    "to": [ 1, 13, 15 ],
    "faces": {
        "down":  { "uv": [ 0.25, 0.75, 0.5, 1 ], "texture": "#texture" },
        "up":    { "uv": [ 0.25, 0.75, 0.5, 1 ], "texture": "#texture" },
        "north": { "uv": [ 0.25, 0.75, 0.5, 1 ], "texture": "#texture" },
        "south": { "uv": [ 0.25, 0.75, 0.5, 1 ], "texture": "#texture" },
        "west":  { "uv": [ 0.25, 0.75, 0.5, 1 ], "texture": "#texture" },
        "east":  { "uv": [ 0.25, 0.75, 0.5, 1 ], "texture": "#texture" }
    }
},
{
    "__comment": "Bumps",
    "from": [ 0, 2, 1 ],
    "to": [ 1, 3, 2 ],
    "faces": {
        "down":  { "uv": [ 8.25, 3.25, 8.5, 3.5 ], "texture": "#texture" },
        "up":    { "uv": [ 8.25, 3.25, 8.5, 3.5 ], "texture": "#texture" },
        "north": { "uv": [ 8.25, 3.25, 8.5, 3.5 ], "texture": "#texture" },
        "south": { "uv": [ 8.25, 3.25, 8.5, 3.5 ], "texture": "#texture" },
        "west":  { "uv": [ 8.25, 3.25, 8.5, 3.5 ], "texture": "#texture" },
        "east":  { "uv": [ 8.25, 3.25, 8.5, 3.5 ], "texture": "#texture" }
    }
},
{
    "__comment": "Bumps",
    "from": [ 0, 2, 14 ],
    "to": [ 1, 3, 15 ],
    "faces": {
        "down":  { "uv": [ 11.5, 3.25, 11.75, 3.5 ], "texture": "#texture" },
        "up":    { "uv": [ 11.5, 3.25, 11.75, 3.5 ], "texture": "#texture" },
        "north": { "uv": [ 11.5, 3.25, 11.75, 3.5 ], "texture": "#texture" },
        "south": { "uv": [ 11.5, 3.25, 11.75, 3.5 ], "texture": "#texture" },
        "west":  { "uv": [ 11.5, 3.25, 11.75, 3.5 ], "texture": "#texture" },
        "east":  { "uv": [ 11.5, 3.25, 11.75, 3.5 ], "texture": "#texture" }
    }
},
{
    "__comment": "Bumps",
    "from": [ 0, 1, 1 ],
    "to": [ 1, 2, 3 ],
    "faces": {
        "down":  { "uv": [ 8.75, 3.5, 8.25, 3.75 ], "rotation": 90, "texture": "#texture" },
        "up":    { "uv": [ 8.25, 3.5, 8.75, 3.75 ], "rotation": 90, "texture": "#texture" },
        "north": { "uv": [ 8.25, 3.5, 8.5, 3.75 ], "texture": "#texture" },
        "south": { "uv": [ 8.5, 3.5, 8.75, 3.75 ], "texture": "#texture" },
        "west":  { "uv": [ 8.25, 3.5, 8.75, 3.75 ], "texture": "#texture" },
        "east":  { "uv": [ 8.25, 3.5, 8.75, 3.75 ], "texture": "#texture" }
    }
},
{
    "__comment": "Bumps",
    "from": [ 0, 1, 13 ],
    "to": [ 1, 2, 15 ],
    "faces": {
        "down":  { "uv": [ 11.75, 3.5, 11.25, 3.75 ], "rotation": 90, "texture": "#texture" },
        "up":    { "uv": [ 11.25, 3.5, 11.75, 3.75 ], "rotation": 90, "texture": "#texture" },
        "north": { "uv": [ 11.25, 3.5, 11.5, 3.75 ], "texture": "#texture" },
        "south": { "uv": [ 11.5, 3.5, 11.75, 3.75 ], "texture": "#texture" },
        "west":  { "uv": [ 11.25, 3.5, 11.75, 3.75 ], "texture": "#texture" },
        "east":  { "uv": [ 11.25, 3.5, 11.75, 3.75 ], "texture": "#texture" }
    }
},
{
    "__comment": "Bumps*",
    "from": [ 15, 13, 1 ],
    "to": [ 16, 14, 3 ],
    "faces": {
        "down":  { "uv": [ 0.75, 0.5, 0.25, 0.75 ], "rotation": 90, "texture": "#texture" },
        "up":    { "uv": [ 0.25, 0.5, 0.75, 0.75 ], "rotation": 90, "texture": "#texture" },
        "north": { "uv": [ 0.25, 0.5, 0.5, 0.75 ], "texture": "#texture" },
        "south": { "uv": [ 0.5, 0.5, 0.75, 0.75 ], "texture": "#texture" },
        "west":  { "uv": [ 0.25, 0.5, 0.75, 0.75 ], "texture": "#texture" },
        "east":  { "uv": [ 0.75, 0.5, 0.25, 0.75 ], "texture": "#texture" }
    }
},
{
    "__comment": "Bumps*",
    "from": [ 15, 13, 13 ],
    "to": [ 16, 14, 15 ],
    "faces": {
        "down":  { "uv": [ 3.75, 0.5, 3.25, 0.75 ], "rotation": 90, "texture": "#texture" },
        "up":    { "uv": [ 3.25, 0.5, 3.75, 0.75 ], "rotation": 90, "texture": "#texture" },
        "north": { "uv": [ 3.25, 0.5, 3.5, 0.75 ], "texture": "#texture" },
        "south": { "uv": [ 3.5, 0.5, 3.75, 0.75 ], "texture": "#texture" },
        "west":  { "uv": [ 3.25, 0.5, 3.75, 0.75 ], "texture": "#texture" },
        "east":  { "uv": [ 3.75, 0.5, 3.25, 0.75 ], "texture": "#texture" }
    }
},
{
    "__comment": "Bumps*",
    "from": [ 15, 12, 1 ],
    "to": [ 16, 13, 2 ],
    "faces": {
        "down":  { "uv": [ 0.25, 0.75, 0.5, 1 ], "texture": "#texture" },
        "up":    { "uv": [ 0.25, 0.75, 0.5, 1 ], "texture": "#texture" },
        "north": { "uv": [ 0.25, 0.75, 0.5, 1 ], "texture": "#texture" },
        "south": { "uv": [ 0.25, 0.75, 0.5, 1 ], "texture": "#texture" },
        "west":  { "uv": [ 0.25, 0.75, 0.5, 1 ], "texture": "#texture" },
        "east":  { "uv": [ 0.25, 0.75, 0.5, 1 ], "texture": "#texture" }
    }
},
{
    "__comment": "Bumps*",
    "from": [ 15, 12, 14 ],
    "to": [ 16, 13, 15 ],
    "faces": {
        "down":  { "uv": [ 0.25, 0.75, 0.5, 1 ], "texture": "#texture" },
        "up":    { "uv": [ 0.25, 0.75, 0.5, 1 ], "texture": "#texture" },
        "north": { "uv": [ 0.25, 0.75, 0.5, 1 ], "texture": "#texture" },
        "south": { "uv": [ 0.25, 0.75, 0.5, 1 ], "texture": "#texture" },
        "west":  { "uv": [ 0.25, 0.75, 0.5, 1 ], "texture": "#texture" },
        "east":  { "uv": [ 0.25, 0.75, 0.5, 1 ], "texture": "#texture" }
    }
},
{
    "__comment": "Bumps*",
    "from": [ 15, 5, 1 ],
    "to": [ 16, 6, 3 ],
    "faces": {
        "down":  { "uv": [ 0.75, 0.5, 0.25, 0.75 ], "rotation": 90, "texture": "#texture" },
        "up":    { "uv": [ 0.25, 0.5, 0.75, 0.75 ], "rotation": 90, "texture": "#texture" },
        "north": { "uv": [ 0.25, 0.5, 0.5, 0.75 ], "texture": "#texture" },
        "south": { "uv": [ 0.5, 0.5, 0.75, 0.75 ], "texture": "#texture" },
        "west":  { "uv": [ 0.25, 0.5, 0.75, 0.75 ], "texture": "#texture" },
        "east":  { "uv": [ 0.75, 0.5, 0.25, 0.75 ], "texture": "#texture" }
    }
},
{
    "__comment": "Bumps*",
    "from": [ 15, 5, 13 ],
    "to": [ 16, 6, 15 ],
    "faces": {
        "down":  { "uv": [ 3.75, 0.5, 3.25, 0.75 ], "rotation": 90, "texture": "#texture" },
        "up":    { "uv": [ 3.25, 0.5, 3.75, 0.75 ], "rotation": 90, "texture": "#texture" },
        "north": { "uv": [ 3.25, 0.5, 3.5, 0.75 ], "texture": "#texture" },
        "south": { "uv": [ 3.5, 0.5, 3.75, 0.75 ], "texture": "#texture" },
        "west":  { "uv": [ 3.25, 0.5, 3.75, 0.75 ], "texture": "#texture" },
        "east":  { "uv": [ 3.75, 0.5, 3.25, 0.75 ], "texture": "#texture" }
    }
},
{
    "__comment": "Bumps*",
    "from": [ 15, 4, 1 ],
    "to": [ 16, 5, 2 ],
    "faces": {
        "down":  { "uv": [ 0.25, 0.75, 0.5, 1 ], "texture": "#texture" },
        "up":    { "uv": [ 0.25, 0.75, 0.5, 1 ], "texture": "#texture" },
        "north": { "uv": [ 0.25, 0.75, 0.5, 1 ], "texture": "#texture" },
        "south": { "uv": [ 0.25, 0.75, 0.5, 1 ], "texture": "#texture" },
        "west":  { "uv": [ 0.25, 0.75, 0.5, 1 ], "texture": "#texture" },
        "east":  { "uv": [ 0.25, 0.75, 0.5, 1 ], "texture": "#texture" }
    }
},
{
    "__comment": "Bumps*",
    "from": [ 15, 4, 14 ],
    "to": [ 16, 5, 15 ],
    "faces": {
        "down":  { "uv": [ 0.25, 0.75, 0.5, 1 ], "texture": "#texture" },
        "up":    { "uv": [ 0.25, 0.75, 0.5, 1 ], "texture": "#texture" },
        "north": { "uv": [ 0.25, 0.75, 0.5, 1 ], "texture": "#texture" },
        "south": { "uv": [ 0.25, 0.75, 0.5, 1 ], "texture": "#texture" },
        "west":  { "uv": [ 0.25, 0.75, 0.5, 1 ], "texture": "#texture" },
        "east":  { "uv": [ 0.25, 0.75, 0.5, 1 ], "texture": "#texture" }
    }
},
{
    "from": [ 15, 6, 1 ],
    "to": [ 16, 8, 15 ],
    "faces": {
        "down":  { "uv": [ 0.25, 2.25, 3.75, 2.5 ], "rotation": 90, "texture": "#texture" },
        "up":    { "uv": [ 3.75, 2, 0.25, 2.25 ], "rotation": 90, "texture": "#texture" },
        "north": { "uv": [ 0, 2, 0.25, 2.5 ], "texture": "#texture" },
        "south": { "uv": [ 3.75, 2, 4, 2.5 ], "texture": "#texture" },
        "west":  { "uv": [ 0.25, 2, 3.75, 2.5 ], "texture": "#texture" },
        "east":  { "uv": [ 0.25, 2, 3.75, 2.5 ], "texture": "#texture" }
    }
},
{
    "from": [ 5, 16.5, 6.5 ],
    "to": [ 7, 18.5, 8.5 ],
    "rotation": { "origin": [ 5, 16.5, 6.5 ], "axis": "y", "angle": 45 },
    "faces": {
        "down":  { "uv": [ 14, 4, 14.75, 4.75 ], "texture": "#texture" },
        "up":    { "uv": [ 14, 4, 14.75, 4.75 ], "texture": "#texture" },
        "north": { "uv": [ 14, 4, 14.75, 4.75 ], "texture": "#texture" },
        "south": { "uv": [ 14, 4, 14.75, 4.75 ], "texture": "#texture" },
        "west":  { "uv": [ 14, 4, 14.75, 4.75 ], "texture": "#texture" },
        "east":  { "uv": [ 14, 4, 14.75, 4.75 ], "texture": "#texture" }
    }
},
{
    "from": [ 7.5, 17, 6.75 ],
    "to": [ 9.5, 18, 7.75 ],
    "rotation": { "origin": [ 7.5, 17, 6.75 ], "axis": "y", "angle": -45 },
    "faces": {
        "down":  { "uv": [ 14.75, 4, 15, 4.5 ], "rotation": 90, "texture": "#texture" },
        "up":    { "uv": [ 14.75, 4, 15, 4.5 ], "rotation": 90, "texture": "#texture" },
        "north": { "uv": [ 14.75, 4.5, 15, 4 ], "rotation": 90, "texture": "#texture" },
        "south": { "uv": [ 14.75, 4, 15, 4.5 ], "rotation": 90, "texture": "#texture" },
        "west":  { "uv": [ 14.75, 4.25, 15, 4.5 ], "texture": "#texture" },
        "east":  { "uv": [ 14.75, 4, 15, 4.25 ], "texture": "#texture" }
    }
},
{
    "from": [ 8.25, 17, 8.25 ],
    "to": [ 8.75, 17.5, 10.25 ],
    "faces": {
        "down":  { "uv": [ 15.25, 4, 15.5, 4.25 ], "texture": "#texture" },
        "up":    { "uv": [ 15.25, 4, 15.5, 4.25 ], "texture": "#texture" },
        "north": { "uv": [ 15.25, 4, 15.5, 4.25 ], "texture": "#texture" },
        "south": { "uv": [ 15.25, 4, 15.5, 4.25 ], "texture": "#texture" },
        "west":  { "uv": [ 15.25, 4, 15.5, 4.25 ], "texture": "#texture" },
        "east":  { "uv": [ 15.25, 4, 15.5, 4.25 ], "texture": "#texture" }
    }
},
{
    "from": [ 8.25, 17, 10.25 ],
    "to": [ 8.75, 17.5, 12.25 ],
    "rotation": { "origin": [ 8.25, 17, 10.25 ], "axis": "y", "angle": 45 },
    "faces": {
        "down":  { "uv": [ 15.25, 4, 15.5, 4.25 ], "texture": "#texture" },
        "up":    { "uv": [ 15.25, 4, 15.5, 4.25 ], "texture": "#texture" },
        "north": { "uv": [ 15.25, 4, 15.5, 4.25 ], "texture": "#texture" },
        "south": { "uv": [ 15.25, 4, 15.5, 4.25 ], "texture": "#texture" },
        "west":  { "uv": [ 15.25, 4, 15.5, 4.25 ], "texture": "#texture" },
        "east":  { "uv": [ 15.25, 4, 15.5, 4.25 ], "texture": "#texture" }
    }
},
{
    "from": [ 9.75, 17, 7.25 ],
    "to": [ 10.25, 17.5, 9.25 ],
    "rotation": { "origin": [ 9.75, 17, 7.25 ], "axis": "y", "angle": -45 },
    "faces": {
        "down":  { "uv": [ 15.25, 4, 15.5, 4.25 ], "texture": "#texture" },
        "up":    { "uv": [ 15.25, 4, 15.5, 4.25 ], "texture": "#texture" },
        "north": { "uv": [ 15.25, 4, 15.5, 4.25 ], "texture": "#texture" },
        "south": { "uv": [ 15.25, 4, 15.5, 4.25 ], "texture": "#texture" },
        "west":  { "uv": [ 15.25, 4, 15.5, 4.25 ], "texture": "#texture" },
        "east":  { "uv": [ 15.25, 4, 15.5, 4.25 ], "texture": "#texture" }
    }
},
{
    "from": [ 9.5, 17, 5.75 ],
    "to": [ 10, 17.5, 7.75 ],
    "faces": {
        "down":  { "uv": [ 15.25, 4, 15.5, 4.25 ], "texture": "#texture" },
        "up":    { "uv": [ 15.25, 4, 15.5, 4.25 ], "texture": "#texture" },
        "north": { "uv": [ 15.25, 4, 15.5, 4.25 ], "texture": "#texture" },
        "south": { "uv": [ 15.25, 4, 15.5, 4.25 ], "texture": "#texture" },
        "west":  { "uv": [ 15.25, 4, 15.5, 4.25 ], "texture": "#texture" },
        "east":  { "uv": [ 15.25, 4, 15.5, 4.25 ], "texture": "#texture" }
    }
},
{
    "from": [ 11, 17, 4.25 ],
    "to": [ 11.5, 17.5, 6.25 ],
    "rotation": { "origin": [ 11, 17, 4.25 ], "axis": "y", "angle": -45 },
    "faces": {
        "down":  { "uv": [ 15.25, 4, 15.5, 4.25 ], "texture": "#texture" },
        "up":    { "uv": [ 15.25, 4, 15.5, 4.25 ], "texture": "#texture" },
        "north": { "uv": [ 15.25, 4, 15.5, 4.25 ], "texture": "#texture" },
        "south": { "uv": [ 15.25, 4, 15.5, 4.25 ], "texture": "#texture" },
        "west":  { "uv": [ 15.25, 4, 15.5, 4.25 ], "texture": "#texture" },
        "east":  { "uv": [ 15.25, 4, 15.5, 4.25 ], "texture": "#texture" }
    }
},
{
    "from": [ 10.75, 17, 4.5 ],
    "to": [ 11.25, 17.5, 6.5 ],
    "rotation": { "origin": [ 10.75, 17, 4.5 ], "axis": "y", "angle": 45 },
    "faces": {
        "down":  { "uv": [ 15.25, 4, 15.5, 4.25 ], "texture": "#texture" },
        "up":    { "uv": [ 15.25, 4, 15.5, 4.25 ], "texture": "#texture" },
        "north": { "uv": [ 15.25, 4, 15.5, 4.25 ], "texture": "#texture" },
        "south": { "uv": [ 15.25, 4, 15.5, 4.25 ], "texture": "#texture" },
        "west":  { "uv": [ 15.25, 4, 15.5, 4.25 ], "texture": "#texture" },
        "east":  { "uv": [ 15.25, 4, 15.5, 4.25 ], "texture": "#texture" }
    }
},
{
    "from": [ 12, 17, 5.75 ],
    "to": [ 12.5, 17.5, 7.75 ],
    "rotation": { "origin": [ 12, 17, 5.75 ], "axis": "y", "angle": 22.5 },
    "faces": {
        "down":  { "uv": [ 15.25, 4, 15.5, 4.25 ], "texture": "#texture" },
        "up":    { "uv": [ 15.25, 4, 15.5, 4.25 ], "texture": "#texture" },
        "north": { "uv": [ 15.25, 4, 15.5, 4.25 ], "texture": "#texture" },
        "south": { "uv": [ 15.25, 4, 15.5, 4.25 ], "texture": "#texture" },
        "west":  { "uv": [ 15.25, 4, 15.5, 4.25 ], "texture": "#texture" },
        "east":  { "uv": [ 15.25, 4, 15.5, 4.25 ], "texture": "#texture" }
    }
},
{
    "from": [ 12.75, 17, 7.25 ],
    "to": [ 13.25, 17.5, 9.25 ],
    "faces": {
        "down":  { "uv": [ 15.25, 4, 15.5, 4.25 ], "texture": "#texture" },
        "up":    { "uv": [ 15.25, 4, 15.5, 4.25 ], "texture": "#texture" },
        "north": { "uv": [ 15.25, 4, 15.5, 4.25 ], "texture": "#texture" },
        "south": { "uv": [ 15.25, 4, 15.5, 4.25 ], "texture": "#texture" },
        "west":  { "uv": [ 15.25, 4, 15.5, 4.25 ], "texture": "#texture" },
        "east":  { "uv": [ 15.25, 4, 15.5, 4.25 ], "texture": "#texture" }
    }
},
{
    "from": [ 11, 17, 10 ],
    "to": [ 11.5, 17.5, 12 ],
    "rotation": { "origin": [ 11, 17, 10 ], "axis": "y", "angle": -45 },
    "faces": {
        "down":  { "uv": [ 15.25, 4, 15.5, 4.25 ], "texture": "#texture" },
        "up":    { "uv": [ 15.25, 4, 15.5, 4.25 ], "texture": "#texture" },
        "north": { "uv": [ 15.25, 4, 15.5, 4.25 ], "texture": "#texture" },
        "south": { "uv": [ 15.25, 4, 15.5, 4.25 ], "texture": "#texture" },
        "west":  { "uv": [ 15.25, 4, 15.5, 4.25 ], "texture": "#texture" },
        "east":  { "uv": [ 15.25, 4, 15.5, 4.25 ], "texture": "#texture" }
    }
},
{
    "from": [ 11, 16.75, 10 ],
    "to": [ 13, 17.75, 11 ],
    "rotation": { "origin": [ 11, 16.75, 10 ], "axis": "y", "angle": 45 },
    "faces": {
        "down":  { "uv": [ 14.25, 4.75, 14.5, 5.25 ], "texture": "#texture" },
        "up":    { "uv": [ 14.25, 5.25, 14.5, 4.75 ], "rotation": 90, "texture": "#texture" },
        "north": { "uv": [ 14.25, 4.75, 14.5, 5.25 ], "rotation": 90, "texture": "#texture" },
        "south": { "uv": [ 14.25, 5.25, 14.5, 4.75 ], "rotation": 90, "texture": "#texture" },
        "west":  { "uv": [ 14.25, 4.75, 14.5, 5 ], "texture": "#texture" },
        "east":  { "uv": [ 14.25, 5, 14.5, 5.25 ], "texture": "#texture" }
    }
},
{
    "from": [ 5.25, 17, 8.5 ],
    "to": [ 6.25, 17.5, 13.5 ],
    "rotation": { "origin": [ 5.25, 17, 8.5 ], "axis": "y", "angle": -22.5 },
    "faces": {
        "down":  { "uv": [ 12.5, 5.5, 12.75, 6.75 ], "texture": "#texture" },
        "up":    { "uv": [ 12.5, 5.5, 12.75, 6.75 ], "texture": "#texture" },
        "north": { "uv": [ 12.5, 5.5, 12.75, 5.75 ], "texture": "#texture" },
        "south": { "uv": [ 12.5, 6.5, 12.75, 6.75 ], "texture": "#texture" },
        "west":  { "uv": [ 12.5, 6.75, 12.75, 5.5 ], "rotation": 90, "texture": "#texture" },
        "east":  { "uv": [ 12.5, 5.5, 12.75, 6.75 ], "rotation": 90, "texture": "#texture" }
    }
}
],
"display": {
    "thirdperson_righthand": {
        "rotation": [ 10, -45, -35 ],
        "translation": [ 0, 1.5, -2.75 ],
        "scale": [ 0.37, 0.37, 0.37 ]
    },
    "thirdperson_lefthand": {
        "rotation": [ 10, -45, -35 ],
        "translation": [ 0, 1.5, -2.75 ],
        "scale": [ 0.37, 0.37, 0.37 ]
    },
    "head": {
        "rotation": [ 0, 0, 0 ],
        "translation": [ 0, 0, 0 ],
        "scale": [ 1, 1, 1 ]
    },
    "ground": {
        "rotation": [ 0, 0, 0 ],
        "translation": [ 0, 3.21, 0 ],
        "scale": [ 0.25, 0.25, 0.25 ]
    },
    "fixed": {
        "rotation": [ 0, 0, 0 ],
        "translation": [ 0, 0, -1.32 ],
        "scale": [ 0.35, 0.35, 0.35 ]
    },
    "firstperson_righthand": {
        "rotation": [ 0, 0, 0 ],
        "translation": [ 0, -0.19, 0 ],
        "scale": [ 0.5, 0.5, 0.5 ]
    },
    "firstperson_lefthand": {
        "rotation": [ 0, 180, 0 ],
        "translation": [ 0, -0.19, 0 ],
        "scale": [ 0.5, 0.5, 0.5 ]
    },
    "gui": {
        "rotation": [ 45, 135, 0 ],
        "translation": [ 0, 0, 0 ],
        "scale": [ 0.5, 0.5, 0.5 ]
    }
}
}