{
"__comment": "Designed by MasterianoX",
"textures": {
    "particle": "entity/woken/woken",
    "texture": "entity/woken/woken"
},
"elements": [ 
{
    "from": [ 3, 16, 3.5 ],
    "to": [ 12, 23, 12.5 ],
    "rotation": { "origin": [ 3, 23, 3.5 ], "axis": "z", "angle": -22.5 },
    "faces": {
        "down":  { "uv": [ 4.5, 0, 6.75, 2.25 ], "rotation": 90, "texture": "#texture" },
        "up":    { "uv": [ 2.25, 0, 4.5, 2.25 ], "texture": "#texture" },
        "north": { "uv": [ 0, 2.25, 2.25, 4 ], "texture": "#texture" },
        "south": { "uv": [ 4.5, 2.25, 6.75, 4 ], "texture": "#texture" },
        "west":  { "uv": [ 2.25, 2.25, 4.5, 4 ], "texture": "#texture" },
        "east":  { "uv": [ 6.75, 2.25, 9, 4 ], "texture": "#texture" }
    }
},
{
    "from": [ 7, 7.25, 4 ],
    "to": [ 9, 15.25, 12 ],
    "rotation": { "origin": [ 7, 15.25, 4 ], "axis": "z", "angle": -45 },
    "faces": {
        "down":  { "uv": [ 2, 9.5, 4, 9 ], "rotation": 90, "texture": "#texture" },
        "up":    { "uv": [ 6, 9, 8, 9.5 ], "rotation": 90, "texture": "#texture" },
        "north": { "uv": [ 0, 9, 2, 9.5 ], "rotation": 90, "texture": "#texture" },
        "south": { "uv": [ 6, 9.5, 4, 9 ], "rotation": 90, "texture": "#texture" },
        "west":  { "uv": [ 2, 7, 4, 9 ], "texture": "#texture" },
        "east":  { "uv": [ 4, 7, 6, 9 ], "texture": "#texture" }
    }
},
{
    "from": [ 5.5, 9, 4.5 ],
    "to": [ 11.5, 17, 11.5 ],
    "rotation": { "origin": [ 5.5, 17, 4.5 ], "axis": "z", "angle": 22.5 },
    "faces": {
        "down":  { "uv": [ 12.5, 0.25, 14, 2 ], "texture": "#texture" },
        "up":    { "uv": [ 11, 0.25, 12.5, 2 ], "texture": "#texture" },
        "north": { "uv": [ 11, 2, 12.5, 4 ], "texture": "#texture" },
        "south": { "uv": [ 14.25, 2, 15.75, 4 ], "texture": "#texture" },
        "west":  { "uv": [ 9.25, 2, 11, 4 ], "texture": "#texture" },
        "east":  { "uv": [ 12.5, 2, 14.25, 4 ], "texture": "#texture" }
    }
},
{
    "from": [ 0.25, 8.75, 3.75 ],
    "to": [ 1.25, 11.75, 12.25 ],
    "rotation": { "origin": [ 0.25, 11.75, 3.75 ], "axis": "z", "angle": 22.5 },
    "faces": {
        "down":  { "uv": [ 2.75, 4.25, 3, 4.5 ], "rotation": 90, "texture": "#texture" },
        "up":    { "uv": [ 2, 6.25, 4, 6.5 ], "rotation": 90, "texture": "#texture" },
        "north": { "uv": [ 2, 6.25, 2.25, 7 ], "texture": "#texture" },
        "south": { "uv": [ 3.75, 6.25, 4, 7 ], "texture": "#texture" },
        "west":  { "uv": [ 2, 6.25, 4, 7 ], "texture": "#texture" },
        "east":  { "uv": [ 2.75, 4.25, 3, 4.5 ], "texture": "#texture" }
    }
},
{
    "from": [ 0.25, 13, 3.25 ],
    "to": [ 1.25, 17, 12.75 ],
    "faces": {
        "down":  { "uv": [ 2.25, 5, 4.5, 5.25 ], "rotation": 90, "texture": "#texture" },
        "up":    { "uv": [ 2.75, 4.25, 3, 4.5 ], "texture": "#texture" },
        "north": { "uv": [ 2, 4, 2.25, 5 ], "texture": "#texture" },
        "south": { "uv": [ 4.5, 4, 4.75, 5 ], "texture": "#texture" },
        "west":  { "uv": [ 2.25, 4, 4.5, 5 ], "texture": "#texture" },
        "east":  { "uv": [ 2.75, 4.25, 3, 4.5 ], "texture": "#texture" }
    }
},
{
    "from": [ 8, 7.25, 2 ],
    "to": [ 16, 12.25, 14 ],
    "faces": {
        "down":  { "uv": [ 5, 9.75, 8, 11.75 ], "rotation": 90, "texture": "#texture" },
        "up":    { "uv": [ 2, 9.75, 5, 11.75 ], "rotation": 90, "texture": "#texture" },
        "north": { "uv": [ 0, 11.75, 2, 13 ], "texture": "#texture" },
        "south": { "uv": [ 4.75, 11.75, 6.75, 13 ], "texture": "#texture" },
        "west":  { "uv": [ 2, 11.75, 5, 13 ], "texture": "#texture" },
        "east":  { "uv": [ 6.75, 11.75, 9.75, 13 ], "texture": "#texture" }
    }
},
{
    "from": [ 9.75, -10.75, -2 ],
    "to": [ 13.75, 11.25, 2 ],
    "faces": {
        "down":  { "uv": [ 10.25, 4.25, 11.25, 5.25 ], "texture": "#texture" },
        "up":    { "uv": [ 9.25, 4.25, 10.25, 5.25 ], "texture": "#texture" },
        "north": { "uv": [ 8.25, 5.25, 9.25, 10.75 ], "texture": "#texture" },
        "south": { "uv": [ 11.25, 5.25, 10.25, 10.75 ], "texture": "#texture" },
        "west":  { "uv": [ 9, 5.25, 10, 10.75 ], "texture": "#texture" },
        "east":  { "uv": [ 11.25, 5.25, 12.25, 10.75 ], "texture": "#texture" }
    }
},
{
    "from": [ 9.75, -10.75, 14 ],
    "to": [ 13.75, 11.25, 18 ],
    "faces": {
        "down":  { "uv": [ 10.25, 4.25, 11.25, 5.25 ], "texture": "#texture" },
        "up":    { "uv": [ 9.25, 4.25, 10.25, 5.25 ], "texture": "#texture" },
        "north": { "uv": [ 12.25, 5.25, 11.25, 10.75 ], "texture": "#texture" },
        "south": { "uv": [ 8.25, 5.25, 9.25, 10.75 ], "texture": "#texture" },
        "west":  { "uv": [ 10, 5.25, 9, 10.75 ], "texture": "#texture" },
        "east":  { "uv": [ 10.25, 5.25, 11.25, 10.75 ], "texture": "#texture" }
    }
}
],
"display": {
    "thirdperson_righthand": {
        "rotation": [ 0, 0, 0 ],
        "translation": [ 0, 0, 0 ],
        "scale": [ 0.5, 0.5, 0.5 ]
    },
    "thirdperson_lefthand": {
        "rotation": [ 0, 0, 0 ],
        "translation": [ 0, 0, 0 ],
        "scale": [ 0.5, 0.5, 0.5 ]
    },
    "head": {
        "rotation": [ 0, -90, 0 ],
        "translation": [ 0, -9.07, -6.61 ],
        "scale": [ 1.6, 1.6, 1.6 ]
    },
    "ground": {
        "rotation": [ 0, 0, 0 ],
        "translation": [ 0, 6.8, 0 ],
        "scale": [ 0.25, 0.25, 0.25 ]
    },
    "fixed": {
        "rotation": [ 0, -90, 0 ],
        "translation": [ 0, 0, -2.08 ],
        "scale": [ 0.5, 0.5, 0.5 ]
    },
    "firstperson_righthand": {
        "rotation": [ 0, 30, 0 ],
        "translation": [ 6.61, -2.27, -12.28 ],
        "scale": [ 1, 1, 1 ]
    },
    "firstperson_lefthand": {
        "rotation": [ 0, -160, 0 ],
        "translation": [ 6.61, -2.27, -12.28 ],
        "scale": [ 1, 1, 1 ]
    },
    "gui": {
        "rotation": [ 45, 135, 0 ],
        "translation": [ 0, 1.32, 0 ],
        "scale": [ 0.5, 0.5, 0.5 ]
    }
}
}