{
"__comment": "Designed by MasterianoX",
"textures": {
    "particle": "vehicles/ships/sc_titan/sc_titan",
    "texture": "vehicles/ships/sc_titan/sc_titan"
},
"elements": [ 
{
    "from": [ 12, -1.5, 7 ],
    "to": [ 17, 0.5, 9 ],
    "faces": {
        "down":  { "uv": [ 7.75, 0, 9, 0.5 ], "texture": "#texture" },
        "up":    { "uv": [ 7.75, 0, 9, 0.5 ], "texture": "#texture" },
        "north": { "uv": [ 9, 0, 7.75, 0.5 ], "texture": "#texture" },
        "south": { "uv": [ 7.75, 0, 9, 0.5 ], "texture": "#texture" },
        "west":  { "uv": [ 7.75, 0, 8, 0.5 ], "texture": "#texture" },
        "east":  { "uv": [ 8.75, 0, 9, 0.5 ], "texture": "#texture" }
    }
},
{
    "from": [ 10.5, -2.5, 6 ],
    "to": [ 16.5, 0.5, 7 ],
    "faces": {
        "down":  { "uv": [ 8.25, 1, 10, 1.25 ], "texture": "#texture" },
        "up":    { "uv": [ 8.25, 0.5, 10, 0.75 ], "texture": "#texture" },
        "north": { "uv": [ 10, 0.5, 8.5, 1.25 ], "texture": "#texture" },
        "south": { "uv": [ 8.5, 0.5, 10, 1.25 ], "texture": "#texture" },
        "west":  { "uv": [ 8.5, 0.5, 8.75, 1.25 ], "texture": "#texture" },
        "east":  { "uv": [ 9.75, 0.5, 10, 1.25 ], "texture": "#texture" }
    }
},
{
    "from": [ 10.5, -2.5, 9 ],
    "to": [ 16.5, 0.5, 10 ],
    "faces": {
        "down":  { "uv": [ 8.25, 1, 10, 1.25 ], "texture": "#texture" },
        "up":    { "uv": [ 8.25, 0.5, 10, 0.75 ], "texture": "#texture" },
        "north": { "uv": [ 10, 0.5, 8.5, 1.25 ], "texture": "#texture" },
        "south": { "uv": [ 8.5, 0.5, 10, 1.25 ], "texture": "#texture" },
        "west":  { "uv": [ 8.5, 0.5, 8.75, 1.25 ], "texture": "#texture" },
        "east":  { "uv": [ 9.75, 0.5, 10, 1.25 ], "texture": "#texture" }
    }
},
{
    "from": [ 6.5, -0.5, 6 ],
    "to": [ 10.5, 0.5, 7 ],
    "faces": {
        "down":  { "uv": [ 8.5, 0.5, 8.75, 0.75 ], "texture": "#texture" },
        "up":    { "uv": [ 8.5, 0.5, 8.75, 0.75 ], "texture": "#texture" },
        "north": { "uv": [ 8.5, 0.5, 8.75, 0.75 ], "texture": "#texture" },
        "south": { "uv": [ 8.5, 0.5, 8.75, 0.75 ], "texture": "#texture" },
        "west":  { "uv": [ 8.5, 0.5, 8.75, 0.75 ], "texture": "#texture" },
        "east":  { "uv": [ 8.5, 0.5, 8.75, 0.75 ], "texture": "#texture" }
    }
},
{
    "from": [ 6.5, -0.5, 9 ],
    "to": [ 10.5, 0.5, 10 ],
    "faces": {
        "down":  { "uv": [ 8.5, 0.5, 8.75, 0.75 ], "texture": "#texture" },
        "up":    { "uv": [ 8.5, 0.5, 8.75, 0.75 ], "texture": "#texture" },
        "north": { "uv": [ 8.5, 0.5, 8.75, 0.75 ], "texture": "#texture" },
        "south": { "uv": [ 8.5, 0.5, 8.75, 0.75 ], "texture": "#texture" },
        "west":  { "uv": [ 8.5, 0.5, 8.75, 0.75 ], "texture": "#texture" },
        "east":  { "uv": [ 8.5, 0.5, 8.75, 0.75 ], "texture": "#texture" }
    }
},
{
    "from": [ 5, 1.5, 1.5 ],
    "to": [ 20, 3.5, 14.5 ],
    "faces": {
        "down":  { "uv": [ 0, 1.75, 3.75, 5 ], "texture": "#texture" },
        "up":    { "uv": [ 0, 1.75, 3.75, 5 ], "texture": "#texture" },
        "north": { "uv": [ 0, 1.75, 3.75, 2 ], "texture": "#texture" },
        "south": { "uv": [ 0, 4.75, 3.75, 5 ], "texture": "#texture" },
        "west":  { "uv": [ 0, 1.75, 0.25, 5 ], "rotation": 90, "texture": "#texture" },
        "east":  { "uv": [ 3.5, 1.75, 3.75, 5 ], "rotation": 90, "texture": "#texture" }
    }
},
{
    "from": [ 5, 3.5, 2.5 ],
    "to": [ 19, 4.5, 13.5 ],
    "faces": {
        "down":  { "uv": [ 3.75, 2.25, 7.25, 5 ], "texture": "#texture" },
        "up":    { "uv": [ 3.75, 2.25, 7.25, 5 ], "texture": "#texture" },
        "north": { "uv": [ 3.75, 2.25, 7.25, 2.5 ], "texture": "#texture" },
        "south": { "uv": [ 3.75, 4.75, 7.25, 5 ], "texture": "#texture" },
        "west":  { "uv": [ 3.75, 2.25, 4, 5 ], "rotation": 90, "texture": "#texture" },
        "east":  { "uv": [ 7, 2.25, 7.25, 5 ], "rotation": 90, "texture": "#texture" }
    }
},
{
    "from": [ 7, 4.5, 3.5 ],
    "to": [ 18, 5.5, 12.5 ],
    "faces": {
        "down":  { "uv": [ 4.25, 2.5, 7, 4.75 ], "texture": "#texture" },
        "up":    { "uv": [ 4.25, 2.5, 7, 4.75 ], "texture": "#texture" },
        "north": { "uv": [ 7, 2.5, 4.25, 2.75 ], "texture": "#texture" },
        "south": { "uv": [ 4.25, 4.5, 7, 4.75 ], "texture": "#texture" },
        "west":  { "uv": [ 4.25, 4.75, 4.5, 2.5 ], "rotation": 90, "texture": "#texture" },
        "east":  { "uv": [ 6.75, 2.5, 7, 4.75 ], "rotation": 90, "texture": "#texture" }
    }
},
{
    "from": [ 5, 4.5, 3.5 ],
    "to": [ 7, 5.5, 12.5 ],
    "faces": {
        "down":  { "uv": [ 3.75, 4, 4.25, 4.75 ], "texture": "#texture" },
        "up":    { "uv": [ 3.75, 4, 4.25, 4.75 ], "texture": "#texture" },
        "north": { "uv": [ 4.25, 4, 3.75, 4.25 ], "texture": "#texture" },
        "south": { "uv": [ 3.75, 4.5, 4.25, 4.75 ], "texture": "#texture" },
        "west":  { "uv": [ 3.75, 4.75, 4, 4 ], "rotation": 90, "texture": "#texture" },
        "east":  { "uv": [ 4, 4, 4.25, 4.75 ], "rotation": 90, "texture": "#texture" }
    }
},
{
    "from": [ 8, 5.5, 4.5 ],
    "to": [ 16, 6.5, 11.5 ],
    "faces": {
        "down":  { "uv": [ 9.25, 1.25, 7.25, 3 ], "texture": "#texture" },
        "up":    { "uv": [ 7.25, 1.25, 9.25, 3 ], "texture": "#texture" },
        "north": { "uv": [ 9.25, 1.25, 7.25, 1.5 ], "texture": "#texture" },
        "south": { "uv": [ 7.25, 2.75, 9.25, 3 ], "texture": "#texture" },
        "west":  { "uv": [ 7.25, 3, 7.5, 1.25 ], "rotation": 90, "texture": "#texture" },
        "east":  { "uv": [ 9, 1.25, 9.25, 3 ], "rotation": 90, "texture": "#texture" }
    }
},
{
    "from": [ 6, 5.5, 4.5 ],
    "to": [ 8, 6.5, 11.5 ],
    "faces": {
        "down":  { "uv": [ 7.25, 2.75, 7.5, 3 ], "texture": "#texture" },
        "up":    { "uv": [ 7.25, 2.75, 7.5, 3 ], "texture": "#texture" },
        "north": { "uv": [ 7.25, 2.75, 7.5, 3 ], "texture": "#texture" },
        "south": { "uv": [ 7.25, 2.75, 7.5, 3 ], "texture": "#texture" },
        "west":  { "uv": [ 7.25, 2.75, 7.5, 3 ], "texture": "#texture" },
        "east":  { "uv": [ 7.25, 2.75, 7.5, 3 ], "texture": "#texture" }
    }
},
{
    "from": [ 8, 6.5, 5.5 ],
    "to": [ 15, 7.5, 10.5 ],
    "faces": {
        "down":  { "uv": [ 7.5, 1.5, 9.25, 2.75 ], "texture": "#texture" },
        "up":    { "uv": [ 7.5, 1.5, 9.25, 2.75 ], "texture": "#texture" },
        "north": { "uv": [ 9.25, 1.5, 7.5, 1.75 ], "texture": "#texture" },
        "south": { "uv": [ 7.5, 2.5, 9.25, 2.75 ], "texture": "#texture" },
        "west":  { "uv": [ 7.5, 2.75, 7.75, 1.5 ], "rotation": 90, "texture": "#texture" },
        "east":  { "uv": [ 9, 1.5, 9.25, 2.75 ], "rotation": 90, "texture": "#texture" }
    }
},
{
    "from": [ 18, 3, 9 ],
    "to": [ 21, 5, 12 ],
    "faces": {
        "down":  { "uv": [ 8, 4, 7.25, 4.75 ], "texture": "#texture" },
        "up":    { "uv": [ 8, 4, 7.25, 4.75 ], "texture": "#texture" },
        "north": { "uv": [ 7.25, 4, 8, 4.25 ], "texture": "#texture" },
        "south": { "uv": [ 8, 4.5, 7.25, 4.75 ], "texture": "#texture" },
        "west":  { "uv": [ 7.75, 4, 8, 4.75 ], "texture": "#texture" },
        "east":  { "uv": [ 8.25, 4, 9.75, 5 ], "texture": "#texture" }
    }
},
{
    "from": [ 18, 3, 4 ],
    "to": [ 21, 5, 7 ],
    "faces": {
        "down":  { "uv": [ 8, 4, 7.25, 4.75 ], "texture": "#texture" },
        "up":    { "uv": [ 8, 4, 7.25, 4.75 ], "texture": "#texture" },
        "north": { "uv": [ 7.25, 4, 8, 4.25 ], "texture": "#texture" },
        "south": { "uv": [ 8, 4.5, 7.25, 4.75 ], "texture": "#texture" },
        "west":  { "uv": [ 7.75, 4, 8, 4.75 ], "texture": "#texture" },
        "east":  { "uv": [ 8.25, 4, 9.75, 5 ], "texture": "#texture" }
    }
},
{
    "from": [ 5.5, -2, 3 ],
    "to": [ 17.5, 0, 5 ],
    "faces": {
        "down":  { "uv": [ 7.25, 0, 10.25, 0.5 ], "texture": "#texture" },
        "up":    { "uv": [ 7.25, 0, 10.25, 0.5 ], "texture": "#texture" },
        "north": { "uv": [ 10.25, 0, 7.25, 0.5 ], "texture": "#texture" },
        "south": { "uv": [ 7.25, 0, 10.25, 0.5 ], "texture": "#texture" },
        "west":  { "uv": [ 7.25, 0, 7.5, 0.5 ], "texture": "#texture" },
        "east":  { "uv": [ 9.75, 0, 10, 0.5 ], "texture": "#texture" }
    }
},
{
    "from": [ 6, 0, 3.5 ],
    "to": [ 17, 0.5, 4.5 ],
    "faces": {
        "down":  { "uv": [ 8, 3.25, 8.25, 3.5 ], "texture": "#texture" },
        "up":    { "uv": [ 8, 3.25, 8.25, 3.5 ], "texture": "#texture" },
        "north": { "uv": [ 8, 3.25, 8.25, 3.5 ], "texture": "#texture" },
        "south": { "uv": [ 8, 3.25, 8.25, 3.5 ], "texture": "#texture" },
        "west":  { "uv": [ 8, 3.25, 8.25, 3.5 ], "texture": "#texture" },
        "east":  { "uv": [ 8, 3.25, 8.25, 3.5 ], "texture": "#texture" }
    }
},
{
    "from": [ 5.5, -2, 11 ],
    "to": [ 17.5, 0, 13 ],
    "faces": {
        "down":  { "uv": [ 7.25, 0, 10.25, 0.5 ], "texture": "#texture" },
        "up":    { "uv": [ 7.25, 0, 10.25, 0.5 ], "texture": "#texture" },
        "north": { "uv": [ 10.25, 0, 7.25, 0.5 ], "texture": "#texture" },
        "south": { "uv": [ 7.25, 0, 10.25, 0.5 ], "texture": "#texture" },
        "west":  { "uv": [ 7.25, 0, 7.5, 0.5 ], "texture": "#texture" },
        "east":  { "uv": [ 9.75, 0, 10, 0.5 ], "texture": "#texture" }
    }
},
{
    "from": [ 6, 0, 11.5 ],
    "to": [ 17, 0.5, 12.5 ],
    "faces": {
        "down":  { "uv": [ 8, 3.25, 8.25, 3.5 ], "texture": "#texture" },
        "up":    { "uv": [ 8, 3.25, 8.25, 3.5 ], "texture": "#texture" },
        "north": { "uv": [ 8, 3.25, 8.25, 3.5 ], "texture": "#texture" },
        "south": { "uv": [ 8, 3.25, 8.25, 3.5 ], "texture": "#texture" },
        "west":  { "uv": [ 8, 3.25, 8.25, 3.5 ], "texture": "#texture" },
        "east":  { "uv": [ 8, 3.25, 8.25, 3.5 ], "texture": "#texture" }
    }
},
{
    "from": [ 16, 5, 10.4375 ],
    "to": [ 27, 6, 12.4375 ],
    "rotation": { "origin": [ 16, 6, 10.4375 ], "axis": "x", "angle": 22.5 },
    "faces": {
        "down":  { "uv": [ 10.25, 0, 13, 0.5 ], "texture": "#texture" },
        "up":    { "uv": [ 10.25, 0.5, 13, 0 ], "texture": "#texture" },
        "north": { "uv": [ 13, 0.25, 10.25, 0.5 ], "texture": "#texture" },
        "south": { "uv": [ 10.25, 0, 13, 0.25 ], "texture": "#texture" },
        "west":  { "uv": [ 10.25, 0.5, 10.5, 0 ], "rotation": 90, "texture": "#texture" },
        "east":  { "uv": [ 12.75, 0.5, 13, 0 ], "rotation": 90, "texture": "#texture" }
    }
},
{
    "from": [ 16, 4.25, 3.75 ],
    "to": [ 27, 5.25, 5.75 ],
    "rotation": { "origin": [ 16, 5.25, 3.75 ], "axis": "x", "angle": -22.5 },
    "faces": {
        "down":  { "uv": [ 10.25, 0.5, 13, 0 ], "texture": "#texture" },
        "up":    { "uv": [ 10.25, 0, 13, 0.5 ], "texture": "#texture" },
        "north": { "uv": [ 13, 0, 10.25, 0.25 ], "texture": "#texture" },
        "south": { "uv": [ 10.25, 0.25, 13, 0.5 ], "texture": "#texture" },
        "west":  { "uv": [ 10.25, 0, 10.5, 0.5 ], "rotation": 90, "texture": "#texture" },
        "east":  { "uv": [ 12.75, 0, 13, 0.5 ], "rotation": 90, "texture": "#texture" }
    }
},
{
    "from": [ 16, 5.5, 4.5 ],
    "to": [ 19.5, 6.5, 7.5 ],
    "faces": {
        "down":  { "uv": [ 8.5, 3, 9.5, 3.75 ], "texture": "#texture" },
        "up":    { "uv": [ 8.5, 3, 9.5, 3.75 ], "texture": "#texture" },
        "north": { "uv": [ 9.5, 3, 8.5, 3.25 ], "texture": "#texture" },
        "south": { "uv": [ 8.5, 3.5, 9.5, 3.75 ], "texture": "#texture" },
        "west":  { "uv": [ 8.5, 3.75, 8.75, 3 ], "rotation": 90, "texture": "#texture" },
        "east":  { "uv": [ 9.25, 3, 9.5, 3.75 ], "rotation": 90, "texture": "#texture" }
    }
},
{
    "from": [ 16, 5.5, 8.5 ],
    "to": [ 20, 6.5, 11.5 ],
    "faces": {
        "down":  { "uv": [ 8.5, 3, 9.5, 3.75 ], "texture": "#texture" },
        "up":    { "uv": [ 8.5, 3, 9.5, 3.75 ], "texture": "#texture" },
        "north": { "uv": [ 9.5, 3, 8.5, 3.25 ], "texture": "#texture" },
        "south": { "uv": [ 8.5, 3.5, 9.5, 3.75 ], "texture": "#texture" },
        "west":  { "uv": [ 8.5, 3.75, 8.75, 3 ], "rotation": 90, "texture": "#texture" },
        "east":  { "uv": [ 9.25, 3, 9.5, 3.75 ], "rotation": 90, "texture": "#texture" }
    }
},
{
    "from": [ 22, 4, 1.75 ],
    "to": [ 26, 7, 2.25 ],
    "rotation": { "origin": [ 22, 7, 1.75 ], "axis": "x", "angle": -45 },
    "faces": {
        "down":  { "uv": [ 11.75, 0, 12.75, 0.25 ], "texture": "#texture" },
        "up":    { "uv": [ 11.75, 0, 12.75, 0.25 ], "texture": "#texture" },
        "north": { "uv": [ 12.75, 0, 11.75, 0.25 ], "texture": "#texture" },
        "south": { "uv": [ 11.75, 0, 12.75, 0.25 ], "texture": "#texture" },
        "west":  { "uv": [ 11.75, 0, 12, 0.25 ], "texture": "#texture" },
        "east":  { "uv": [ 12.5, 0, 12.75, 0.25 ], "texture": "#texture" }
    }
},
{
    "from": [ 22, 4, 13.6838 ],
    "to": [ 26, 7, 14.1838 ],
    "rotation": { "origin": [ 22, 7, 13.6838 ], "axis": "x", "angle": 45 },
    "faces": {
        "down":  { "uv": [ 11.75, 0, 12.75, 0.25 ], "texture": "#texture" },
        "up":    { "uv": [ 11.75, 0, 12.75, 0.25 ], "texture": "#texture" },
        "north": { "uv": [ 12.75, 0, 11.75, 0.25 ], "texture": "#texture" },
        "south": { "uv": [ 11.75, 0, 12.75, 0.25 ], "texture": "#texture" },
        "west":  { "uv": [ 11.75, 0, 12, 0.25 ], "texture": "#texture" },
        "east":  { "uv": [ 12.5, 0, 12.75, 0.25 ], "texture": "#texture" }
    }
},
{
    "from": [ 5, 0.5, 2.5 ],
    "to": [ 19, 1.5, 13.5 ],
    "faces": {
        "down":  { "uv": [ 0, 2, 3.5, 4.75 ], "texture": "#texture" },
        "up":    { "uv": [ 0, 2, 3.5, 4.75 ], "texture": "#texture" },
        "north": { "uv": [ 3.5, 2, 0, 2.25 ], "texture": "#texture" },
        "south": { "uv": [ 0, 4.5, 3.5, 4.75 ], "texture": "#texture" },
        "west":  { "uv": [ 0, 2, 0.25, 4.75 ], "rotation": 90, "texture": "#texture" },
        "east":  { "uv": [ 3.25, 2, 3.5, 4.75 ], "rotation": 90, "texture": "#texture" }
    }
},
{
    "from": [ -11, 0.5, 6 ],
    "to": [ 5, 5.5, 10 ],
    "faces": {
        "down":  { "uv": [ 0, 7, 4, 7.25 ], "texture": "#texture" },
        "up":    { "uv": [ 0, 5, 4, 6 ], "texture": "#texture" },
        "north": { "uv": [ 4, 6, 0, 7.25 ], "texture": "#texture" },
        "south": { "uv": [ 0, 6, 4, 7.25 ], "texture": "#texture" },
        "west":  { "uv": [ 0, 6, 0.75, 7.25 ], "texture": "#texture" },
        "east":  { "uv": [ 0, 6, 0.75, 7.25 ], "texture": "#texture" }
    }
},
{
    "from": [ -16, 1, 7 ],
    "to": [ -11, 5, 9 ],
    "faces": {
        "down":  { "uv": [ 0, 6.75, 1, 7 ], "texture": "#texture" },
        "up":    { "uv": [ 0, 6, 1, 6.25 ], "texture": "#texture" },
        "north": { "uv": [ 0, 6, 0.5, 7 ], "texture": "#texture" },
        "south": { "uv": [ 0, 6, 0.5, 7 ], "texture": "#texture" },
        "west":  { "uv": [ 0, 6, 0.5, 7 ], "texture": "#texture" },
        "east":  { "uv": [ 0, 6, 0.5, 7 ], "texture": "#texture" }
    }
},
{
    "from": [ 0, 1.5, 3.5 ],
    "to": [ 5, 4.5, 6.5 ],
    "faces": {
        "down":  { "uv": [ 0, 6.75, 0.5, 7 ], "texture": "#texture" },
        "up":    { "uv": [ 0, 6.25, 0.5, 6.5 ], "texture": "#texture" },
        "north": { "uv": [ 0, 6.25, 0.75, 7 ], "texture": "#texture" },
        "south": { "uv": [ 0, 6.25, 0.75, 7 ], "texture": "#texture" },
        "west":  { "uv": [ 0, 6.25, 0.75, 7 ], "texture": "#texture" },
        "east":  { "uv": [ 0, 6.25, 0.75, 7 ], "texture": "#texture" }
    }
},
{
    "from": [ 0, 1.5, 9.5 ],
    "to": [ 5, 4.5, 12.5 ],
    "faces": {
        "down":  { "uv": [ 0, 6.75, 0.5, 7 ], "texture": "#texture" },
        "up":    { "uv": [ 0, 6.25, 0.5, 6.5 ], "texture": "#texture" },
        "north": { "uv": [ 0, 6.25, 0.75, 7 ], "texture": "#texture" },
        "south": { "uv": [ 0, 6.25, 0.75, 7 ], "texture": "#texture" },
        "west":  { "uv": [ 0, 6.25, 0.75, 7 ], "texture": "#texture" },
        "east":  { "uv": [ 0, 6.25, 0.75, 7 ], "texture": "#texture" }
    }
},
{
    "from": [ 3, 2.375, -0.25 ],
    "to": [ 30, 3.375, 2.75 ],
    "rotation": { "origin": [ 3, 3.375, -0.25 ], "axis": "x", "angle": -22.5 },
    "faces": {
        "down":  { "uv": [ 9.25, 2, 16, 1.25 ], "texture": "#texture" },
        "up":    { "uv": [ 9.25, 1.25, 16, 2 ], "texture": "#texture" },
        "north": { "uv": [ 16, 1.25, 9.25, 1.5 ], "texture": "#texture" },
        "south": { "uv": [ 9.25, 1.75, 16, 2 ], "texture": "#texture" },
        "west":  { "uv": [ 9.25, 1.25, 9.5, 2 ], "texture": "#texture" },
        "east":  { "uv": [ 15.75, 1.25, 16, 2 ], "texture": "#texture" }
    }
},
{
    "from": [ 3, 3.5, 13.3827 ],
    "to": [ 30, 4.5, 16.3827 ],
    "rotation": { "origin": [ 3, 4.5, 13.3827 ], "axis": "x", "angle": 22.5 },
    "faces": {
        "down":  { "uv": [ 9.25, 1.25, 16, 2 ], "texture": "#texture" },
        "up":    { "uv": [ 9.25, 2, 16, 1.25 ], "texture": "#texture" },
        "north": { "uv": [ 16, 1.75, 9.25, 2 ], "texture": "#texture" },
        "south": { "uv": [ 9.25, 1.25, 16, 1.5 ], "texture": "#texture" },
        "west":  { "uv": [ 9.25, 1.25, 9.5, 2 ], "texture": "#texture" },
        "east":  { "uv": [ 15.75, 1.25, 16, 2 ], "texture": "#texture" }
    }
},
{
    "from": [ 3, 1.5, 2.5 ],
    "to": [ 5, 3.5, 3.5 ],
    "faces": {
        "down":  { "uv": [ 0, 6.75, 0.5, 7 ], "texture": "#texture" },
        "up":    { "uv": [ 0, 6.5, 0.5, 6.75 ], "texture": "#texture" },
        "north": { "uv": [ 0, 6.5, 0.5, 7 ], "texture": "#texture" },
        "south": { "uv": [ 0, 6.5, 0.5, 7 ], "texture": "#texture" },
        "west":  { "uv": [ 0, 6.5, 0.5, 7 ], "texture": "#texture" },
        "east":  { "uv": [ 0, 6.5, 0.5, 7 ], "texture": "#texture" }
    }
},
{
    "from": [ 3, 1.5, 12.5 ],
    "to": [ 5, 3.5, 13.5 ],
    "faces": {
        "down":  { "uv": [ 0, 6.75, 0.5, 7 ], "texture": "#texture" },
        "up":    { "uv": [ 0, 6.5, 0.5, 6.75 ], "texture": "#texture" },
        "north": { "uv": [ 0, 6.5, 0.5, 7 ], "texture": "#texture" },
        "south": { "uv": [ 0, 6.5, 0.5, 7 ], "texture": "#texture" },
        "west":  { "uv": [ 0, 6.5, 0.5, 7 ], "texture": "#texture" },
        "east":  { "uv": [ 0, 6.5, 0.5, 7 ], "texture": "#texture" }
    }
},
{
    "from": [ -13, 1.5, -5.5 ],
    "to": [ -3, 6.5, -0.5 ],
    "faces": {
        "down":  { "uv": [ 10.5, 3, 13, 3.25 ], "texture": "#texture" },
        "up":    { "uv": [ 10.5, 3.25, 13, 4.5 ], "texture": "#texture" },
        "north": { "uv": [ 13, 2, 10.5, 3.25 ], "texture": "#texture" },
        "south": { "uv": [ 10.5, 2, 13, 3.25 ], "texture": "#texture" },
        "west":  { "uv": [ 13, 2, 14.25, 3.25 ], "texture": "#texture" },
        "east":  { "uv": [ 14.25, 2, 15.5, 3.25 ], "texture": "#texture" }
    }
},
{
    "from": [ -9, 6.5, -4.5 ],
    "to": [ 29, 7.5, -1.5 ],
    "faces": {
        "down":  { "uv": [ 5, 5.75, 14.5, 5 ], "texture": "#texture" },
        "up":    { "uv": [ 5, 5, 14.5, 5.75 ], "texture": "#texture" },
        "north": { "uv": [ 14.5, 5, 5, 5.25 ], "texture": "#texture" },
        "south": { "uv": [ 5, 5.5, 14.5, 5.75 ], "texture": "#texture" },
        "west":  { "uv": [ 5, 5.75, 5.25, 5 ], "rotation": 90, "texture": "#texture" },
        "east":  { "uv": [ 14.25, 5, 14.5, 5.75 ], "rotation": 90, "texture": "#texture" }
    }
},
{
    "from": [ 15, 0.5, -6 ],
    "to": [ 30, 6.5, 0 ],
    "faces": {
        "down":  { "uv": [ 5, 7, 8.75, 7.25 ], "texture": "#texture" },
        "up":    { "uv": [ 5, 5.75, 8.75, 6 ], "texture": "#texture" },
        "north": { "uv": [ 8.75, 5.75, 5, 7.25 ], "texture": "#texture" },
        "south": { "uv": [ 5, 5.75, 8.75, 7.25 ], "texture": "#texture" },
        "west":  { "uv": [ 9, 5.75, 10.5, 7.25 ], "texture": "#texture" },
        "east":  { "uv": [ 9, 5.75, 10.5, 7.25 ], "texture": "#texture" }
    }
},
{
    "from": [ -2, 1.5, -5 ],
    "to": [ 2, 6.5, -1 ],
    "faces": {
        "down":  { "uv": [ 9.5, 3, 10.5, 3.25 ], "texture": "#texture" },
        "up":    { "uv": [ 9.5, 2, 10.5, 2.25 ], "texture": "#texture" },
        "north": { "uv": [ 9.5, 2, 10.5, 3.25 ], "texture": "#texture" },
        "south": { "uv": [ 9.5, 2, 10.5, 3.25 ], "texture": "#texture" },
        "west":  { "uv": [ 9.5, 2, 10.5, 3.25 ], "texture": "#texture" },
        "east":  { "uv": [ 9.5, 2, 10.5, 3.25 ], "texture": "#texture" }
    }
},
{
    "from": [ 2.5, 1.5, -5 ],
    "to": [ 6.5, 6.5, -1 ],
    "faces": {
        "down":  { "uv": [ 9.5, 3, 10.5, 3.25 ], "texture": "#texture" },
        "up":    { "uv": [ 9.5, 2, 10.5, 2.25 ], "texture": "#texture" },
        "north": { "uv": [ 9.5, 2, 10.5, 3.25 ], "texture": "#texture" },
        "south": { "uv": [ 9.5, 2, 10.5, 3.25 ], "texture": "#texture" },
        "west":  { "uv": [ 9.5, 2, 10.5, 3.25 ], "texture": "#texture" },
        "east":  { "uv": [ 9.5, 2, 10.5, 3.25 ], "texture": "#texture" }
    }
},
{
    "from": [ 7, 1.5, -5 ],
    "to": [ 11, 6.5, -1 ],
    "faces": {
        "down":  { "uv": [ 9.5, 3, 10.5, 3.25 ], "texture": "#texture" },
        "up":    { "uv": [ 9.5, 2, 10.5, 2.25 ], "texture": "#texture" },
        "north": { "uv": [ 9.5, 2, 10.5, 3.25 ], "texture": "#texture" },
        "south": { "uv": [ 9.5, 2, 10.5, 3.25 ], "texture": "#texture" },
        "west":  { "uv": [ 9.5, 2, 10.5, 3.25 ], "texture": "#texture" },
        "east":  { "uv": [ 9.5, 2, 10.5, 3.25 ], "texture": "#texture" }
    }
},
{
    "from": [ -3, 2, -4.5 ],
    "to": [ 12, 6, -1.5 ],
    "faces": {
        "down":  { "uv": [ 9.25, 2, 9.5, 2.25 ], "texture": "#texture" },
        "up":    { "uv": [ 9.25, 2, 9.5, 2.25 ], "texture": "#texture" },
        "north": { "uv": [ 9.25, 2, 9.5, 2.25 ], "texture": "#texture" },
        "south": { "uv": [ 9.25, 2, 9.5, 2.25 ], "texture": "#texture" },
        "west":  { "uv": [ 9.25, 2, 9.5, 2.25 ], "texture": "#texture" },
        "east":  { "uv": [ 9.25, 2, 9.5, 2.25 ], "texture": "#texture" }
    }
},
{
    "from": [ 12, 1.5, -5.5 ],
    "to": [ 15, 6.5, -0.5 ],
    "faces": {
        "down":  { "uv": [ 7, 6.75, 8.5, 7 ], "texture": "#texture" },
        "up":    { "uv": [ 7, 5.75, 8.5, 6 ], "texture": "#texture" },
        "north": { "uv": [ 7.5, 5.75, 8.75, 7 ], "texture": "#texture" },
        "south": { "uv": [ 7.5, 5.75, 8.75, 7 ], "texture": "#texture" },
        "west":  { "uv": [ 6.75, 5.75, 7.75, 7 ], "texture": "#texture" },
        "east":  { "uv": [ 6.75, 5.75, 7.75, 7 ], "texture": "#texture" }
    }
},
{
    "from": [ -13, 1.5, 16.5 ],
    "to": [ -3, 6.5, 21.5 ],
    "faces": {
        "down":  { "uv": [ 10.5, 3, 13, 3.25 ], "texture": "#texture" },
        "up":    { "uv": [ 10.5, 3.25, 13, 4.5 ], "texture": "#texture" },
        "north": { "uv": [ 13, 2, 10.5, 3.25 ], "texture": "#texture" },
        "south": { "uv": [ 10.5, 2, 13, 3.25 ], "texture": "#texture" },
        "west":  { "uv": [ 13, 2, 14.25, 3.25 ], "texture": "#texture" },
        "east":  { "uv": [ 14.25, 2, 15.5, 3.25 ], "texture": "#texture" }
    }
},
{
    "from": [ -9, 6.5, 17.5 ],
    "to": [ 29, 7.5, 20.5 ],
    "faces": {
        "down":  { "uv": [ 5, 5.75, 14.5, 5 ], "texture": "#texture" },
        "up":    { "uv": [ 5, 5, 14.5, 5.75 ], "texture": "#texture" },
        "north": { "uv": [ 14.5, 5, 5, 5.25 ], "texture": "#texture" },
        "south": { "uv": [ 5, 5.5, 14.5, 5.75 ], "texture": "#texture" },
        "west":  { "uv": [ 5, 5.75, 5.25, 5 ], "rotation": 90, "texture": "#texture" },
        "east":  { "uv": [ 14.25, 5, 14.5, 5.75 ], "rotation": 90, "texture": "#texture" }
    }
},
{
    "from": [ 15, 0.5, 16 ],
    "to": [ 30, 6.5, 22 ],
    "faces": {
        "down":  { "uv": [ 5, 7, 8.75, 7.25 ], "texture": "#texture" },
        "up":    { "uv": [ 5, 5.75, 8.75, 6 ], "texture": "#texture" },
        "north": { "uv": [ 8.75, 5.75, 5, 7.25 ], "texture": "#texture" },
        "south": { "uv": [ 5, 5.75, 8.75, 7.25 ], "texture": "#texture" },
        "west":  { "uv": [ 9, 5.75, 10.5, 7.25 ], "texture": "#texture" },
        "east":  { "uv": [ 9, 5.75, 10.5, 7.25 ], "texture": "#texture" }
    }
},
{
    "from": [ -2, 1.5, 17 ],
    "to": [ 2, 6.5, 21 ],
    "faces": {
        "down":  { "uv": [ 9.5, 3, 10.5, 3.25 ], "texture": "#texture" },
        "up":    { "uv": [ 9.5, 2, 10.5, 2.25 ], "texture": "#texture" },
        "north": { "uv": [ 9.5, 2, 10.5, 3.25 ], "texture": "#texture" },
        "south": { "uv": [ 9.5, 2, 10.5, 3.25 ], "texture": "#texture" },
        "west":  { "uv": [ 9.5, 2, 10.5, 3.25 ], "texture": "#texture" },
        "east":  { "uv": [ 9.5, 2, 10.5, 3.25 ], "texture": "#texture" }
    }
},
{
    "from": [ 2.5, 1.5, 17 ],
    "to": [ 6.5, 6.5, 21 ],
    "faces": {
        "down":  { "uv": [ 9.5, 3, 10.5, 3.25 ], "texture": "#texture" },
        "up":    { "uv": [ 9.5, 2, 10.5, 2.25 ], "texture": "#texture" },
        "north": { "uv": [ 9.5, 2, 10.5, 3.25 ], "texture": "#texture" },
        "south": { "uv": [ 9.5, 2, 10.5, 3.25 ], "texture": "#texture" },
        "west":  { "uv": [ 9.5, 2, 10.5, 3.25 ], "texture": "#texture" },
        "east":  { "uv": [ 9.5, 2, 10.5, 3.25 ], "texture": "#texture" }
    }
},
{
    "from": [ 7, 1.5, 17 ],
    "to": [ 11, 6.5, 21 ],
    "faces": {
        "down":  { "uv": [ 9.5, 3, 10.5, 3.25 ], "texture": "#texture" },
        "up":    { "uv": [ 9.5, 2, 10.5, 2.25 ], "texture": "#texture" },
        "north": { "uv": [ 9.5, 2, 10.5, 3.25 ], "texture": "#texture" },
        "south": { "uv": [ 9.5, 2, 10.5, 3.25 ], "texture": "#texture" },
        "west":  { "uv": [ 9.5, 2, 10.5, 3.25 ], "texture": "#texture" },
        "east":  { "uv": [ 9.5, 2, 10.5, 3.25 ], "texture": "#texture" }
    }
},
{
    "from": [ -3, 2, 17.5 ],
    "to": [ 12, 6, 20.5 ],
    "faces": {
        "down":  { "uv": [ 9.25, 2, 9.5, 2.25 ], "texture": "#texture" },
        "up":    { "uv": [ 9.25, 2, 9.5, 2.25 ], "texture": "#texture" },
        "north": { "uv": [ 9.25, 2, 9.5, 2.25 ], "texture": "#texture" },
        "south": { "uv": [ 9.25, 2, 9.5, 2.25 ], "texture": "#texture" },
        "west":  { "uv": [ 9.25, 2, 9.5, 2.25 ], "texture": "#texture" },
        "east":  { "uv": [ 9.25, 2, 9.5, 2.25 ], "texture": "#texture" }
    }
},
{
    "from": [ 12, 1.5, 16.5 ],
    "to": [ 15, 6.5, 21.5 ],
    "faces": {
        "down":  { "uv": [ 7, 6.75, 8.5, 7 ], "texture": "#texture" },
        "up":    { "uv": [ 7, 5.75, 8.5, 6 ], "texture": "#texture" },
        "north": { "uv": [ 7.5, 5.75, 8.75, 7 ], "texture": "#texture" },
        "south": { "uv": [ 7.5, 5.75, 8.75, 7 ], "texture": "#texture" },
        "west":  { "uv": [ 6.75, 5.75, 7.75, 7 ], "texture": "#texture" },
        "east":  { "uv": [ 6.75, 5.75, 7.75, 7 ], "texture": "#texture" }
    }
},
{
    "from": [ 30, -0.25, -6.5 ],
    "to": [ 31, 7.25, 0.5 ],
    "faces": {
        "down":  { "uv": [ 13, 4.75, 14.75, 5 ], "rotation": 90, "texture": "#texture" },
        "up":    { "uv": [ 13, 3.25, 14.75, 3.5 ], "rotation": 90, "texture": "#texture" },
        "north": { "uv": [ 13, 3.25, 13.25, 5 ], "texture": "#texture" },
        "south": { "uv": [ 14.5, 3, 14.75, 4.75 ], "texture": "#texture" },
        "west":  { "uv": [ 13, 3.25, 14.75, 5 ], "texture": "#texture" },
        "east":  { "uv": [ 13, 3.25, 14.75, 5 ], "texture": "#texture" }
    }
},
{
    "from": [ 30, -0.25, 15.5 ],
    "to": [ 31, 7.25, 22.5 ],
    "faces": {
        "down":  { "uv": [ 13, 4.75, 14.75, 5 ], "rotation": 90, "texture": "#texture" },
        "up":    { "uv": [ 13, 3.25, 14.75, 3.5 ], "rotation": 90, "texture": "#texture" },
        "north": { "uv": [ 13, 3.25, 13.25, 5 ], "texture": "#texture" },
        "south": { "uv": [ 14.5, 3, 14.75, 4.75 ], "texture": "#texture" },
        "west":  { "uv": [ 13, 3.25, 14.75, 5 ], "texture": "#texture" },
        "east":  { "uv": [ 13, 3.25, 14.75, 5 ], "texture": "#texture" }
    }
},
{
    "from": [ 19, 1.5, -8 ],
    "to": [ 29, 5.5, -6 ],
    "faces": {
        "down":  { "uv": [ 10.5, 5.75, 13, 6.75 ], "texture": "#texture" },
        "up":    { "uv": [ 10.5, 5.75, 13, 6 ], "texture": "#texture" },
        "north": { "uv": [ 13, 5.75, 10.5, 6.75 ], "texture": "#texture" },
        "south": { "uv": [ 10.5, 5.75, 13, 6.75 ], "texture": "#texture" },
        "west":  { "uv": [ 10.5, 5.75, 11, 6.75 ], "texture": "#texture" },
        "east":  { "uv": [ 12.5, 5.75, 13, 6.75 ], "texture": "#texture" }
    }
},
{
    "from": [ 19, 1.5, 22 ],
    "to": [ 29, 5.5, 24 ],
    "faces": {
        "down":  { "uv": [ 10.5, 5.75, 13, 6.75 ], "texture": "#texture" },
        "up":    { "uv": [ 10.5, 5.75, 13, 6 ], "texture": "#texture" },
        "north": { "uv": [ 13, 5.75, 10.5, 6.75 ], "texture": "#texture" },
        "south": { "uv": [ 10.5, 5.75, 13, 6.75 ], "texture": "#texture" },
        "west":  { "uv": [ 10.5, 5.75, 11, 6.75 ], "texture": "#texture" },
        "east":  { "uv": [ 12.5, 5.75, 13, 6.75 ], "texture": "#texture" }
    }
},
{
    "from": [ 11, 7.5, -4 ],
    "to": [ 28, 10.5, -2 ],
    "faces": {
        "down":  { "uv": [ 5, 5.5, 6, 5.75 ], "texture": "#texture" },
        "up":    { "uv": [ 5, 5, 6, 5.25 ], "texture": "#texture" },
        "north": { "uv": [ 5, 5, 5.75, 5.75 ], "texture": "#texture" },
        "south": { "uv": [ 5, 5, 5.75, 5.75 ], "texture": "#texture" },
        "west":  { "uv": [ 5, 5, 5.75, 5.75 ], "texture": "#texture" },
        "east":  { "uv": [ 5, 5, 5.75, 5.75 ], "texture": "#texture" }
    }
},
{
    "from": [ 11, 7.5, 18 ],
    "to": [ 28, 10.5, 20 ],
    "faces": {
        "down":  { "uv": [ 5, 5.5, 6, 5.75 ], "texture": "#texture" },
        "up":    { "uv": [ 5, 5, 6, 5.25 ], "texture": "#texture" },
        "north": { "uv": [ 5, 5, 5.75, 5.75 ], "texture": "#texture" },
        "south": { "uv": [ 5, 5, 5.75, 5.75 ], "texture": "#texture" },
        "west":  { "uv": [ 5, 5, 5.75, 5.75 ], "texture": "#texture" },
        "east":  { "uv": [ 5, 5, 5.75, 5.75 ], "texture": "#texture" }
    }
},
{
    "from": [ 20.5, 3, -8.5 ],
    "to": [ 21.5, 6, -6 ],
    "faces": {
        "down":  { "uv": [ 9.5, 6, 9.75, 6.25 ], "texture": "#texture" },
        "up":    { "uv": [ 9.5, 6, 9.75, 6.25 ], "texture": "#texture" },
        "north": { "uv": [ 9.5, 6, 9.75, 6.25 ], "texture": "#texture" },
        "south": { "uv": [ 9.5, 6, 9.75, 6.25 ], "texture": "#texture" },
        "west":  { "uv": [ 9.5, 6, 9.75, 6.25 ], "texture": "#texture" },
        "east":  { "uv": [ 9.5, 6, 9.75, 6.25 ], "texture": "#texture" }
    }
},
{
    "from": [ 22.5, 3, -8.5 ],
    "to": [ 23.5, 6, -6 ],
    "faces": {
        "down":  { "uv": [ 9.5, 6, 9.75, 6.25 ], "texture": "#texture" },
        "up":    { "uv": [ 9.5, 6, 9.75, 6.25 ], "texture": "#texture" },
        "north": { "uv": [ 9.5, 6, 9.75, 6.25 ], "texture": "#texture" },
        "south": { "uv": [ 9.5, 6, 9.75, 6.25 ], "texture": "#texture" },
        "west":  { "uv": [ 9.5, 6, 9.75, 6.25 ], "texture": "#texture" },
        "east":  { "uv": [ 9.5, 6, 9.75, 6.25 ], "texture": "#texture" }
    }
},
{
    "from": [ 24.5, 3, -8.5 ],
    "to": [ 25.5, 6, -6 ],
    "faces": {
        "down":  { "uv": [ 9.5, 6, 9.75, 6.25 ], "texture": "#texture" },
        "up":    { "uv": [ 9.5, 6, 9.75, 6.25 ], "texture": "#texture" },
        "north": { "uv": [ 9.5, 6, 9.75, 6.25 ], "texture": "#texture" },
        "south": { "uv": [ 9.5, 6, 9.75, 6.25 ], "texture": "#texture" },
        "west":  { "uv": [ 9.5, 6, 9.75, 6.25 ], "texture": "#texture" },
        "east":  { "uv": [ 9.5, 6, 9.75, 6.25 ], "texture": "#texture" }
    }
},
{
    "from": [ 26.5, 3, -8.5 ],
    "to": [ 27.5, 6, -6 ],
    "faces": {
        "down":  { "uv": [ 9.5, 6, 9.75, 6.25 ], "texture": "#texture" },
        "up":    { "uv": [ 9.5, 6, 9.75, 6.25 ], "texture": "#texture" },
        "north": { "uv": [ 9.5, 6, 9.75, 6.25 ], "texture": "#texture" },
        "south": { "uv": [ 9.5, 6, 9.75, 6.25 ], "texture": "#texture" },
        "west":  { "uv": [ 9.5, 6, 9.75, 6.25 ], "texture": "#texture" },
        "east":  { "uv": [ 9.5, 6, 9.75, 6.25 ], "texture": "#texture" }
    }
},
{
    "from": [ 20.5, 3, 22 ],
    "to": [ 21.5, 6, 24.5 ],
    "faces": {
        "down":  { "uv": [ 9.5, 6, 9.75, 6.25 ], "texture": "#texture" },
        "up":    { "uv": [ 9.5, 6, 9.75, 6.25 ], "texture": "#texture" },
        "north": { "uv": [ 9.5, 6, 9.75, 6.25 ], "texture": "#texture" },
        "south": { "uv": [ 9.5, 6, 9.75, 6.25 ], "texture": "#texture" },
        "west":  { "uv": [ 9.5, 6, 9.75, 6.25 ], "texture": "#texture" },
        "east":  { "uv": [ 9.5, 6, 9.75, 6.25 ], "texture": "#texture" }
    }
},
{
    "from": [ 22.5, 3, 22 ],
    "to": [ 23.5, 6, 24.5 ],
    "faces": {
        "down":  { "uv": [ 9.5, 6, 9.75, 6.25 ], "texture": "#texture" },
        "up":    { "uv": [ 9.5, 6, 9.75, 6.25 ], "texture": "#texture" },
        "north": { "uv": [ 9.5, 6, 9.75, 6.25 ], "texture": "#texture" },
        "south": { "uv": [ 9.5, 6, 9.75, 6.25 ], "texture": "#texture" },
        "west":  { "uv": [ 9.5, 6, 9.75, 6.25 ], "texture": "#texture" },
        "east":  { "uv": [ 9.5, 6, 9.75, 6.25 ], "texture": "#texture" }
    }
},
{
    "from": [ 24.5, 3, 22 ],
    "to": [ 25.5, 6, 24.5 ],
    "faces": {
        "down":  { "uv": [ 9.5, 6, 9.75, 6.25 ], "texture": "#texture" },
        "up":    { "uv": [ 9.5, 6, 9.75, 6.25 ], "texture": "#texture" },
        "north": { "uv": [ 9.5, 6, 9.75, 6.25 ], "texture": "#texture" },
        "south": { "uv": [ 9.5, 6, 9.75, 6.25 ], "texture": "#texture" },
        "west":  { "uv": [ 9.5, 6, 9.75, 6.25 ], "texture": "#texture" },
        "east":  { "uv": [ 9.5, 6, 9.75, 6.25 ], "texture": "#texture" }
    }
},
{
    "from": [ 26.5, 3, 22 ],
    "to": [ 27.5, 6, 24.5 ],
    "faces": {
        "down":  { "uv": [ 9.5, 6, 9.75, 6.25 ], "texture": "#texture" },
        "up":    { "uv": [ 9.5, 6, 9.75, 6.25 ], "texture": "#texture" },
        "north": { "uv": [ 9.5, 6, 9.75, 6.25 ], "texture": "#texture" },
        "south": { "uv": [ 9.5, 6, 9.75, 6.25 ], "texture": "#texture" },
        "west":  { "uv": [ 9.5, 6, 9.75, 6.25 ], "texture": "#texture" },
        "east":  { "uv": [ 9.5, 6, 9.75, 6.25 ], "texture": "#texture" }
    }
},
{
    "from": [ 11, 6, 6.5 ],
    "to": [ 16, 11.5, 9.5 ],
    "rotation": { "origin": [ 11, 11.5, 6.5 ], "axis": "z", "angle": -22.5 },
    "faces": {
        "down":  { "uv": [ 0, 5, 0.25, 5.5 ], "texture": "#texture" },
        "up":    { "uv": [ 0, 5, 0.25, 5.5 ], "texture": "#texture" },
        "north": { "uv": [ 0, 5, 0.25, 5.75 ], "texture": "#texture" },
        "south": { "uv": [ 0, 5, 0.25, 5.75 ], "texture": "#texture" },
        "west":  { "uv": [ 0, 5, 0.25, 5.5 ], "texture": "#texture" },
        "east":  { "uv": [ 0, 5, 0.25, 5.5 ], "texture": "#texture" }
    }
},
{
    "from": [ 9, 9, 6 ],
    "to": [ 17, 11, 10 ],
    "rotation": { "origin": [ 9, 11, 6 ], "axis": "z", "angle": 22.5 },
    "faces": {
        "down":  { "uv": [ 4, 5, 4.25, 7 ], "rotation": 90, "texture": "#texture" },
        "up":    { "uv": [ 4, 5, 4.25, 7 ], "rotation": 90, "texture": "#texture" },
        "north": { "uv": [ 4, 5, 4.25, 7 ], "texture": "#texture" },
        "south": { "uv": [ 4.75, 5, 5, 7 ], "texture": "#texture" },
        "west":  { "uv": [ 4, 6.75, 5, 7 ], "texture": "#texture" },
        "east":  { "uv": [ 4, 5, 5, 5.5 ], "texture": "#texture" }
    }
},
{
    "from": [ 16.25, 12.25, 7 ],
    "to": [ 24.25, 14, 9 ],
    "faces": {
        "down":  { "uv": [ 4.25, 6.75, 4.75, 7 ], "texture": "#texture" },
        "up":    { "uv": [ 4.25, 6.75, 4.75, 7 ], "texture": "#texture" },
        "north": { "uv": [ 4.25, 6.75, 4.75, 7 ], "texture": "#texture" },
        "south": { "uv": [ 4.25, 6.75, 4.75, 7 ], "texture": "#texture" },
        "west":  { "uv": [ 4.25, 6.75, 4.75, 7 ], "texture": "#texture" },
        "east":  { "uv": [ 4.25, 6.75, 4.75, 7 ], "texture": "#texture" }
    }
},
{
    "from": [ 12.625, 9.25, 6.5 ],
    "to": [ 15.625, 12.25, 9.5 ],
    "faces": {
        "down":  { "uv": [ 0, 5, 0.25, 5.5 ], "texture": "#texture" },
        "up":    { "uv": [ 0, 5, 0.25, 5.5 ], "texture": "#texture" },
        "north": { "uv": [ 0, 5, 0.25, 5.75 ], "texture": "#texture" },
        "south": { "uv": [ 0, 5, 0.25, 5.75 ], "texture": "#texture" },
        "west":  { "uv": [ 0, 5, 0.25, 5.5 ], "texture": "#texture" },
        "east":  { "uv": [ 0, 5, 0.25, 5.5 ], "texture": "#texture" }
    }
},
{
    "from": [ -1, 2, 10 ],
    "to": [ 0, 4, 12 ],
    "faces": {
        "down":  { "uv": [ 6.75, 1.25, 6.25, 1.5 ], "rotation": 90, "texture": "#texture" },
        "up":    { "uv": [ 6.25, 1.25, 6.75, 1.5 ], "rotation": 90, "texture": "#texture" },
        "north": { "uv": [ 6.25, 1.25, 6.5, 1.75 ], "texture": "#texture" },
        "south": { "uv": [ 6.5, 1.25, 6.75, 1.75 ], "texture": "#texture" },
        "west":  { "uv": [ 6.25, 1.25, 6.75, 1.75 ], "texture": "#texture" },
        "east":  { "uv": [ 6.25, 1.25, 6.75, 1.75 ], "texture": "#texture" }
    }
},
{
    "from": [ -15, 2.5, 10.5 ],
    "to": [ -1, 3.5, 11.5 ],
    "faces": {
        "down":  { "uv": [ 8, 3.25, 8.25, 3.5 ], "texture": "#texture" },
        "up":    { "uv": [ 8, 3.25, 8.25, 3.5 ], "texture": "#texture" },
        "north": { "uv": [ 8, 3.25, 8.25, 3.5 ], "texture": "#texture" },
        "south": { "uv": [ 8, 3.25, 8.25, 3.5 ], "texture": "#texture" },
        "west":  { "uv": [ 8, 3.25, 8.25, 3.5 ], "texture": "#texture" },
        "east":  { "uv": [ 8, 3.25, 8.25, 3.5 ], "texture": "#texture" }
    }
},
{
    "from": [ -12, -0.5, -3.5 ],
    "to": [ -4, 1.5, -2.5 ],
    "faces": {
        "down":  { "uv": [ 5.5, 5.5, 5.75, 5.75 ], "texture": "#texture" },
        "up":    { "uv": [ 5.5, 5.5, 5.75, 5.75 ], "texture": "#texture" },
        "north": { "uv": [ 6, 5.5, 6.25, 5.75 ], "texture": "#texture" },
        "south": { "uv": [ 6, 5.5, 6.25, 5.75 ], "texture": "#texture" },
        "west":  { "uv": [ 5.5, 5.5, 5.75, 5.75 ], "texture": "#texture" },
        "east":  { "uv": [ 5.5, 5.5, 5.75, 5.75 ], "texture": "#texture" }
    }
},
{
    "from": [ -12, -0.5, 18.5 ],
    "to": [ -4, 1.5, 19.5 ],
    "faces": {
        "down":  { "uv": [ 5.5, 5.5, 5.75, 5.75 ], "texture": "#texture" },
        "up":    { "uv": [ 5.5, 5.5, 5.75, 5.75 ], "texture": "#texture" },
        "north": { "uv": [ 6, 5.5, 6.25, 5.75 ], "texture": "#texture" },
        "south": { "uv": [ 6, 5.5, 6.25, 5.75 ], "texture": "#texture" },
        "west":  { "uv": [ 5.5, 5.5, 5.75, 5.75 ], "texture": "#texture" },
        "east":  { "uv": [ 5.5, 5.5, 5.75, 5.75 ], "texture": "#texture" }
    }
}
],
"display": {
    "thirdperson_righthand": {
        "rotation": [ 10, -45, -35 ],
        "translation": [ 0, 6.24, 1.13 ],
        "scale": [ 0.37, 0.37, 0.37 ]
    },
    "thirdperson_lefthand": {
        "rotation": [ 10, -45, -35 ],
        "translation": [ 0, 6.24, 1.13 ],
        "scale": [ 0.37, 0.37, 0.37 ]
    },
    "head": {
        "rotation": [ 0, -90, 0 ],
        "translation": [ 0, 0, 0 ],
        "scale": [ 4, 4, 4 ]
    },
    "ground": {
        "rotation": [ 0, 0, 0 ],
        "translation": [ 0, 5.29, 0 ],
        "scale": [ 0.37, 0.37, 0.37 ]
    },
    "fixed": {
        "rotation": [ 0, 0, 0 ],
        "translation": [ 0, 1.89, -0.19 ],
        "scale": [ 0.35, 0.35, 0.35 ]
    },
    "firstperson_righthand": {
        "rotation": [ 0, 21, 6 ],
        "translation": [ 4.72, 3.4, -9.26 ],
        "scale": [ 1, 1, 1 ]
    },
    "firstperson_lefthand": {
        "rotation": [ 0, -166, -14 ],
        "translation": [ 4.72, 3.4, -9.07 ],
        "scale": [ 1, 1, 1 ]
    },
    "gui": {
        "rotation": [ 45, 135, 0 ],
        "translation": [ 0.38, 0.94, 0 ],
        "scale": [ 0.3, 0.3, 0.3 ]
    }
}
}