{
"__comment": "Designed by MasterianoX",
"textures": {
    "particle": "entity/zombie_pigman",
    "texture": "entity/zombie_pigman"
},
"elements": [ 
{
    "from": [ 4, 0, 4 ],
    "to": [ 12, 8, 12 ],
    "faces": {
        "down":  { "uv": [ 4, 0, 6, 2 ], "texture": "#texture" },
        "up":    { "uv": [ 2, 0, 4, 2 ], "texture": "#texture" },
        "north": { "uv": [ 0, 2, 2, 4 ], "texture": "#texture" },
        "south": { "uv": [ 4, 2, 6, 4 ], "texture": "#texture" },
        "west":  { "uv": [ 2, 2, 4, 4 ], "texture": "#texture" },
        "east":  { "uv": [ 6, 2, 8, 4 ], "texture": "#texture" }
    }
},
{
    "from": [ 3.5, 3, 5 ],
    "to": [ 4, 4, 7 ],
    "faces": {
        "down":  { "uv": [ 0.75, 0.25, 0.25, 0.5 ], "rotation": 90, "texture": "#texture" },
        "up":    { "uv": [ 0.25, 0.25, 0.75, 0.5 ], "rotation": 90, "texture": "#texture" },
        "north": { "uv": [ 0.25, 0.25, 0.5, 0.5 ], "texture": "#texture" },
        "south": { "uv": [ 0.5, 0.25, 0.75, 0.5 ], "texture": "#texture" },
        "west":  { "uv": [ 0.25, 0.25, 0.75, 0.5 ], "texture": "#texture" },
        "east":  { "uv": [ 0.25, 0.25, 0.75, 0.5 ], "texture": "#texture" }
    }
},
{
    "from": [ 3.5, -2, 5 ],
    "to": [ 4, -1, 6 ],
    "faces": {
        "down":  { "uv": [ 0.25, 1.5, 0.5, 1.75 ], "texture": "#texture" },
        "up":    { "uv": [ 0.25, 1.5, 0.5, 1.75 ], "texture": "#texture" },
        "north": { "uv": [ 0.25, 1.5, 0.5, 1.75 ], "texture": "#texture" },
        "south": { "uv": [ 0.25, 1.5, 0.5, 1.75 ], "texture": "#texture" },
        "west":  { "uv": [ 0.25, 1.5, 0.5, 1.75 ], "texture": "#texture" },
        "east":  { "uv": [ 0.25, 1.5, 0.5, 1.75 ], "texture": "#texture" }
    }
},
{
    "from": [ 3.5, 7, 3.5 ],
    "to": [ 12.5, 9, 12.5 ],
    "faces": {
        "down":  { "uv": [ 10, 8, 12.25, 10.25 ], "texture": "#texture" },
        "up":    { "uv": [ 10, 8, 12.25, 10.25 ], "texture": "#texture" },
        "north": { "uv": [ 10, 9.75, 12.25, 10.25 ], "texture": "#texture" },
        "south": { "uv": [ 10, 8.5, 12.25, 8 ], "texture": "#texture" },
        "west":  { "uv": [ 10.5, 8, 10, 10.25 ], "rotation": 90, "texture": "#texture" },
        "east":  { "uv": [ 11.75, 8, 12.25, 10.25 ], "rotation": 90, "texture": "#texture" }
    }
},
{
    "from": [ 3.5, -1, 4 ],
    "to": [ 4, 3, 6 ],
    "faces": {
        "down":  { "uv": [ 0.5, 1.25, 0, 1.5 ], "rotation": 90, "texture": "#texture" },
        "up":    { "uv": [ 0, 0.5, 0.5, 0.75 ], "rotation": 90, "texture": "#texture" },
        "north": { "uv": [ 0, 0.5, 0.25, 1.5 ], "texture": "#texture" },
        "south": { "uv": [ 0.25, 0.5, 0.5, 1.5 ], "texture": "#texture" },
        "west":  { "uv": [ 0, 0.5, 0.5, 1.5 ], "texture": "#texture" },
        "east":  { "uv": [ 0.5, 0.5, 0, 1.5 ], "texture": "#texture" }
    }
},
{
    "from": [ 3.5, 3, 9 ],
    "to": [ 4, 4, 11 ],
    "faces": {
        "down":  { "uv": [ 1.75, 0.25, 1.25, 0.5 ], "rotation": 90, "texture": "#texture" },
        "up":    { "uv": [ 1.25, 0.25, 1.75, 0.5 ], "rotation": 90, "texture": "#texture" },
        "north": { "uv": [ 1.25, 0.25, 1.5, 0.5 ], "texture": "#texture" },
        "south": { "uv": [ 1.5, 0.25, 1.75, 0.5 ], "texture": "#texture" },
        "west":  { "uv": [ 1.25, 0.25, 1.75, 0.5 ], "texture": "#texture" },
        "east":  { "uv": [ 1.25, 0.25, 1.75, 0.5 ], "texture": "#texture" }
    }
},
{
    "from": [ 3.5, -2, 10 ],
    "to": [ 4, -1, 11 ],
    "faces": {
        "down":  { "uv": [ 1.5, 1.5, 1.75, 1.75 ], "texture": "#texture" },
        "up":    { "uv": [ 1.5, 1.5, 1.75, 1.75 ], "texture": "#texture" },
        "north": { "uv": [ 1.5, 1.5, 1.75, 1.75 ], "texture": "#texture" },
        "south": { "uv": [ 1.5, 1.5, 1.75, 1.75 ], "texture": "#texture" },
        "west":  { "uv": [ 1.5, 1.5, 1.75, 1.75 ], "texture": "#texture" },
        "east":  { "uv": [ 1.5, 1.5, 1.75, 1.75 ], "texture": "#texture" }
    }
},
{
    "from": [ 3.5, -1, 4 ],
    "to": [ 4, 3, 6 ],
    "faces": {
        "down":  { "uv": [ 0.5, 1.25, 0, 1.5 ], "rotation": 90, "texture": "#texture" },
        "up":    { "uv": [ 0, 0.5, 0.5, 0.75 ], "rotation": 90, "texture": "#texture" },
        "north": { "uv": [ 0, 0.5, 0.25, 1.5 ], "texture": "#texture" },
        "south": { "uv": [ 0.25, 0.5, 0.5, 1.5 ], "texture": "#texture" },
        "west":  { "uv": [ 0, 0.5, 0.5, 1.5 ], "texture": "#texture" },
        "east":  { "uv": [ 0.5, 0.5, 0, 1.5 ], "texture": "#texture" }
    }
},
{
    "from": [ 3.5, -1, 10 ],
    "to": [ 4, 3, 12 ],
    "faces": {
        "down":  { "uv": [ 2, 1.25, 1.5, 1.5 ], "rotation": 90, "texture": "#texture" },
        "up":    { "uv": [ 1.5, 0.5, 2, 0.75 ], "rotation": 90, "texture": "#texture" },
        "north": { "uv": [ 1.5, 0.5, 1.75, 1.5 ], "texture": "#texture" },
        "south": { "uv": [ 1.75, 0.5, 2, 1.5 ], "texture": "#texture" },
        "west":  { "uv": [ 1.5, 0.5, 2, 1.5 ], "texture": "#texture" },
        "east":  { "uv": [ 2, 0.5, 1.5, 1.5 ], "texture": "#texture" }
    }
},
{
    "from": [ 4, 9, 4 ],
    "to": [ 12, 10, 12 ],
    "faces": {
        "down":  { "uv": [ 12.25, 8, 14.25, 10 ], "texture": "#texture" },
        "up":    { "uv": [ 12.25, 8, 14.25, 10 ], "texture": "#texture" },
        "north": { "uv": [ 14.25, 8, 12.25, 8.25 ], "texture": "#texture" },
        "south": { "uv": [ 12.25, 9.75, 14.25, 10 ], "texture": "#texture" },
        "west":  { "uv": [ 12.25, 8, 12.5, 10 ], "rotation": 90, "texture": "#texture" },
        "east":  { "uv": [ 14, 8, 14.25, 10 ], "rotation": 90, "texture": "#texture" }
    }
},
{
    "from": [ 5, 10, 5 ],
    "to": [ 11, 11, 11 ],
    "faces": {
        "down":  { "uv": [ 12.5, 8.25, 14, 9.75 ], "texture": "#texture" },
        "up":    { "uv": [ 12.5, 8.25, 14, 9.75 ], "texture": "#texture" },
        "north": { "uv": [ 14, 8.25, 12.5, 8.5 ], "texture": "#texture" },
        "south": { "uv": [ 12.5, 9.5, 14, 9.75 ], "texture": "#texture" },
        "west":  { "uv": [ 12.5, 9.75, 12.75, 8.25 ], "rotation": 90, "texture": "#texture" },
        "east":  { "uv": [ 13.75, 8.25, 14, 9.75 ], "rotation": 90, "texture": "#texture" }
    }
}
],
"display": {
    "thirdperson_righthand": {
        "rotation": [ 10, -45, -45 ],
        "translation": [ 0, 1.7, -0.94 ],
        "scale": [ 0.37, 0.37, 0.37 ]
    },
    "thirdperson_lefthand": {
        "rotation": [ 180, 150, -180 ],
        "translation": [ 0, 1.7, -0.94 ],
        "scale": [ 0.37, 0.37, 0.37 ]
    },
    "head": {
        "rotation": [ 0, -90, 0 ],
        "translation": [ 0, 7, 0 ],
        "scale": [ 1.75, 1.75, 1.75 ]
    },
    "ground": {
        "rotation": [ 0, 0, 0 ],
        "translation": [ 0, 4.72, 0 ],
        "scale": [ 0.35, 0.35, 0.35 ]
    },
    "fixed": {
        "rotation": [ 0, -90, 0 ],
        "translation": [ 0, 0, 0 ],
        "scale": [ 1, 1, 1 ]
    },
    "firstperson_righthand": {
        "rotation": [ 0, 28, 0 ],
        "translation": [ 0, 4.16, 1.13 ],
        "scale": [ 0.5, 0.5, 0.5 ]
    },
    "firstperson_lefthand": {
        "rotation": [ 0, -150, 0 ],
        "translation": [ 0, 4.16, -0.19 ],
        "scale": [ 0.5, 0.5, 0.5 ]
    },
    "gui": {
        "rotation": [ 45, 135, 0 ],
        "translation": [ 0, 0, 0 ],
        "scale": [ 0.75, 0.75, 0.75 ]
    }
}
}