{
"__comment": "Designed by MasterianoX",
"textures": {
    "particle": "items/bows_guns/bursting_crossbow_pulling_1",
    "texture": "items/bows_guns/bursting_crossbow_pulling_1"
},
"elements": [ 
{
    "__comment": "bursting_crossbow_pulling_1 x16",
    "from": [ 1, 7.5, 3 ],
    "to": [ 2, 8.5, 4 ],
    "faces": {
        "down":  { "uv": [ 1, 4, 2, 3 ], "texture": "#texture" },
        "up":    { "uv": [ 1, 3, 2, 4 ], "texture": "#texture" },
        "north": { "uv": [ 2, 3, 1, 4 ], "texture": "#texture" },
        "south": { "uv": [ 1, 4, 2, 3 ], "texture": "#texture" },
        "west":  { "uv": [ 1, 3, 2, 4 ], "rotation": 270, "texture": "#texture" },
        "east":  { "uv": [ 2, 3, 1, 4 ], "rotation": 90, "texture": "#texture" }
    }
},
{
    "__comment": "bursting_crossbow_pulling_1 x16",
    "from": [ 1, 7.5, 10 ],
    "to": [ 4, 8.5, 12 ],
    "faces": {
        "down":  { "uv": [ 1, 12, 4, 10 ], "texture": "#texture" },
        "up":    { "uv": [ 1, 10, 4, 12 ], "texture": "#texture" },
        "north": { "uv": [ 4, 10, 1, 11 ], "texture": "#texture" },
        "south": { "uv": [ 1, 12, 4, 11 ], "texture": "#texture" },
        "west":  { "uv": [ 1, 10, 2, 12 ], "rotation": 270, "texture": "#texture" },
        "east":  { "uv": [ 4, 10, 3, 12 ], "rotation": 90, "texture": "#texture" }
    }
},
{
    "__comment": "bursting_crossbow_pulling_1 x16",
    "from": [ 2, 7.5, 2 ],
    "to": [ 3, 8.5, 3 ],
    "faces": {
        "down":  { "uv": [ 2, 3, 3, 2 ], "texture": "#texture" },
        "up":    { "uv": [ 2, 2, 3, 3 ], "texture": "#texture" },
        "north": { "uv": [ 3, 2, 2, 3 ], "texture": "#texture" },
        "south": { "uv": [ 2, 3, 3, 2 ], "texture": "#texture" },
        "west":  { "uv": [ 2, 2, 3, 3 ], "rotation": 270, "texture": "#texture" },
        "east":  { "uv": [ 3, 2, 2, 3 ], "rotation": 90, "texture": "#texture" }
    }
},
{
    "__comment": "bursting_crossbow_pulling_1 x16",
    "from": [ 2, 7.5, 4 ],
    "to": [ 10, 8.5, 5 ],
    "faces": {
        "down":  { "uv": [ 2, 5, 10, 4 ], "texture": "#texture" },
        "up":    { "uv": [ 2, 4, 10, 5 ], "texture": "#texture" },
        "north": { "uv": [ 10, 4, 2, 5 ], "texture": "#texture" },
        "south": { "uv": [ 2, 5, 10, 4 ], "texture": "#texture" },
        "west":  { "uv": [ 2, 4, 3, 5 ], "rotation": 270, "texture": "#texture" },
        "east":  { "uv": [ 10, 4, 9, 5 ], "rotation": 90, "texture": "#texture" }
    }
},
{
    "__comment": "bursting_crossbow_pulling_1 x16",
    "from": [ 2, 7.5, 6 ],
    "to": [ 5, 8.5, 10 ],
    "faces": {
        "down":  { "uv": [ 2, 10, 5, 6 ], "texture": "#texture" },
        "up":    { "uv": [ 2, 6, 5, 10 ], "texture": "#texture" },
        "north": { "uv": [ 5, 6, 2, 7 ], "texture": "#texture" },
        "south": { "uv": [ 2, 10, 5, 9 ], "texture": "#texture" },
        "west":  { "uv": [ 2, 6, 3, 10 ], "rotation": 270, "texture": "#texture" },
        "east":  { "uv": [ 5, 6, 4, 10 ], "rotation": 90, "texture": "#texture" }
    }
},
{
    "__comment": "bursting_crossbow_pulling_1 x16",
    "from": [ 2, 7.5, 12 ],
    "to": [ 3, 8.5, 13 ],
    "faces": {
        "down":  { "uv": [ 2, 13, 3, 12 ], "texture": "#texture" },
        "up":    { "uv": [ 2, 12, 3, 13 ], "texture": "#texture" },
        "north": { "uv": [ 3, 12, 2, 13 ], "texture": "#texture" },
        "south": { "uv": [ 2, 13, 3, 12 ], "texture": "#texture" },
        "west":  { "uv": [ 2, 12, 3, 13 ], "rotation": 270, "texture": "#texture" },
        "east":  { "uv": [ 3, 12, 2, 13 ], "rotation": 90, "texture": "#texture" }
    }
},
{
    "__comment": "bursting_crossbow_pulling_1 x16",
    "from": [ 3, 7.5, 1 ],
    "to": [ 4, 8.5, 2 ],
    "faces": {
        "down":  { "uv": [ 3, 2, 4, 1 ], "texture": "#texture" },
        "up":    { "uv": [ 3, 1, 4, 2 ], "texture": "#texture" },
        "north": { "uv": [ 4, 1, 3, 2 ], "texture": "#texture" },
        "south": { "uv": [ 3, 2, 4, 1 ], "texture": "#texture" },
        "west":  { "uv": [ 3, 1, 4, 2 ], "rotation": 270, "texture": "#texture" },
        "east":  { "uv": [ 4, 1, 3, 2 ], "rotation": 90, "texture": "#texture" }
    }
},
{
    "__comment": "bursting_crossbow_pulling_1 x16",
    "from": [ 3, 7.5, 3 ],
    "to": [ 12, 8.5, 4 ],
    "faces": {
        "down":  { "uv": [ 3, 4, 12, 3 ], "texture": "#texture" },
        "up":    { "uv": [ 3, 3, 12, 4 ], "texture": "#texture" },
        "north": { "uv": [ 12, 3, 3, 4 ], "texture": "#texture" },
        "south": { "uv": [ 3, 4, 12, 3 ], "texture": "#texture" },
        "west":  { "uv": [ 3, 3, 4, 4 ], "rotation": 270, "texture": "#texture" },
        "east":  { "uv": [ 12, 3, 11, 4 ], "rotation": 90, "texture": "#texture" }
    }
},
{
    "__comment": "bursting_crossbow_pulling_1 x16",
    "from": [ 3, 7.5, 5 ],
    "to": [ 8, 8.5, 6 ],
    "faces": {
        "down":  { "uv": [ 3, 6, 8, 5 ], "texture": "#texture" },
        "up":    { "uv": [ 3, 5, 8, 6 ], "texture": "#texture" },
        "north": { "uv": [ 8, 5, 3, 6 ], "texture": "#texture" },
        "south": { "uv": [ 3, 6, 8, 5 ], "texture": "#texture" },
        "west":  { "uv": [ 3, 5, 4, 6 ], "rotation": 270, "texture": "#texture" },
        "east":  { "uv": [ 8, 5, 7, 6 ], "rotation": 90, "texture": "#texture" }
    }
},
{
    "__comment": "bursting_crossbow_pulling_1 x16",
    "from": [ 4, 7.5, 2 ],
    "to": [ 5, 8.5, 3 ],
    "faces": {
        "down":  { "uv": [ 4, 3, 5, 2 ], "texture": "#texture" },
        "up":    { "uv": [ 4, 2, 5, 3 ], "texture": "#texture" },
        "north": { "uv": [ 5, 2, 4, 3 ], "texture": "#texture" },
        "south": { "uv": [ 4, 3, 5, 2 ], "texture": "#texture" },
        "west":  { "uv": [ 4, 2, 5, 3 ], "rotation": 270, "texture": "#texture" },
        "east":  { "uv": [ 5, 2, 4, 3 ], "rotation": 90, "texture": "#texture" }
    }
},
{
    "__comment": "bursting_crossbow_pulling_1 x16",
    "from": [ 4, 7.5, 11 ],
    "to": [ 6, 8.5, 12 ],
    "faces": {
        "down":  { "uv": [ 4, 12, 6, 11 ], "texture": "#texture" },
        "up":    { "uv": [ 4, 11, 6, 12 ], "texture": "#texture" },
        "north": { "uv": [ 6, 11, 4, 12 ], "texture": "#texture" },
        "south": { "uv": [ 4, 12, 6, 11 ], "texture": "#texture" },
        "west":  { "uv": [ 4, 11, 5, 12 ], "rotation": 270, "texture": "#texture" },
        "east":  { "uv": [ 6, 11, 5, 12 ], "rotation": 90, "texture": "#texture" }
    }
},
{
    "__comment": "bursting_crossbow_pulling_1 x16",
    "from": [ 5, 7.5, 6 ],
    "to": [ 9, 8.5, 8 ],
    "faces": {
        "down":  { "uv": [ 5, 8, 9, 6 ], "texture": "#texture" },
        "up":    { "uv": [ 5, 6, 9, 8 ], "texture": "#texture" },
        "north": { "uv": [ 9, 6, 5, 7 ], "texture": "#texture" },
        "south": { "uv": [ 5, 8, 9, 7 ], "texture": "#texture" },
        "west":  { "uv": [ 5, 6, 6, 8 ], "rotation": 270, "texture": "#texture" },
        "east":  { "uv": [ 9, 6, 8, 8 ], "rotation": 90, "texture": "#texture" }
    }
},
{
    "__comment": "bursting_crossbow_pulling_1 x16",
    "from": [ 6, 7.5, 2 ],
    "to": [ 13, 8.5, 3 ],
    "faces": {
        "down":  { "uv": [ 6, 3, 13, 2 ], "texture": "#texture" },
        "up":    { "uv": [ 6, 2, 13, 3 ], "texture": "#texture" },
        "north": { "uv": [ 13, 2, 6, 3 ], "texture": "#texture" },
        "south": { "uv": [ 6, 3, 13, 2 ], "texture": "#texture" },
        "west":  { "uv": [ 6, 2, 7, 3 ], "rotation": 270, "texture": "#texture" },
        "east":  { "uv": [ 13, 2, 12, 3 ], "rotation": 90, "texture": "#texture" }
    }
},
{
    "__comment": "bursting_crossbow_pulling_1 x16",
    "from": [ 6, 7.5, 8 ],
    "to": [ 11, 8.5, 9 ],
    "faces": {
        "down":  { "uv": [ 6, 9, 11, 8 ], "texture": "#texture" },
        "up":    { "uv": [ 6, 8, 11, 9 ], "texture": "#texture" },
        "north": { "uv": [ 11, 8, 6, 9 ], "texture": "#texture" },
        "south": { "uv": [ 6, 9, 11, 8 ], "texture": "#texture" },
        "west":  { "uv": [ 6, 8, 7, 9 ], "rotation": 270, "texture": "#texture" },
        "east":  { "uv": [ 11, 8, 10, 9 ], "rotation": 90, "texture": "#texture" }
    }
},
{
    "__comment": "bursting_crossbow_pulling_1 x16",
    "from": [ 6, 7.5, 10 ],
    "to": [ 12, 8.5, 11 ],
    "faces": {
        "down":  { "uv": [ 6, 11, 12, 10 ], "texture": "#texture" },
        "up":    { "uv": [ 6, 10, 12, 11 ], "texture": "#texture" },
        "north": { "uv": [ 12, 10, 6, 11 ], "texture": "#texture" },
        "south": { "uv": [ 6, 11, 12, 10 ], "texture": "#texture" },
        "west":  { "uv": [ 6, 10, 7, 11 ], "rotation": 270, "texture": "#texture" },
        "east":  { "uv": [ 12, 10, 11, 11 ], "rotation": 90, "texture": "#texture" }
    }
},
{
    "__comment": "bursting_crossbow_pulling_1 x16",
    "from": [ 7, 7.5, 9 ],
    "to": [ 11, 8.5, 10 ],
    "faces": {
        "down":  { "uv": [ 7, 10, 11, 9 ], "texture": "#texture" },
        "up":    { "uv": [ 7, 9, 11, 10 ], "texture": "#texture" },
        "north": { "uv": [ 11, 9, 7, 10 ], "texture": "#texture" },
        "south": { "uv": [ 7, 10, 11, 9 ], "texture": "#texture" },
        "west":  { "uv": [ 7, 9, 8, 10 ], "rotation": 270, "texture": "#texture" },
        "east":  { "uv": [ 11, 9, 10, 10 ], "rotation": 90, "texture": "#texture" }
    }
},
{
    "__comment": "bursting_crossbow_pulling_1 x16",
    "from": [ 9, 7.5, 7 ],
    "to": [ 11, 8.5, 8 ],
    "faces": {
        "down":  { "uv": [ 9, 8, 11, 7 ], "texture": "#texture" },
        "up":    { "uv": [ 9, 7, 11, 8 ], "texture": "#texture" },
        "north": { "uv": [ 11, 7, 9, 8 ], "texture": "#texture" },
        "south": { "uv": [ 9, 8, 11, 7 ], "texture": "#texture" },
        "west":  { "uv": [ 9, 7, 10, 8 ], "rotation": 270, "texture": "#texture" },
        "east":  { "uv": [ 11, 7, 10, 8 ], "rotation": 90, "texture": "#texture" }
    }
},
{
    "__comment": "bursting_crossbow_pulling_1 x16",
    "from": [ 10, 7.5, 1 ],
    "to": [ 12, 8.5, 2 ],
    "faces": {
        "down":  { "uv": [ 10, 2, 12, 1 ], "texture": "#texture" },
        "up":    { "uv": [ 10, 1, 12, 2 ], "texture": "#texture" },
        "north": { "uv": [ 12, 1, 10, 2 ], "texture": "#texture" },
        "south": { "uv": [ 10, 2, 12, 1 ], "texture": "#texture" },
        "west":  { "uv": [ 10, 1, 11, 2 ], "rotation": 270, "texture": "#texture" },
        "east":  { "uv": [ 12, 1, 11, 2 ], "rotation": 90, "texture": "#texture" }
    }
},
{
    "__comment": "bursting_crossbow_pulling_1 x16",
    "from": [ 10, 7.5, 6 ],
    "to": [ 11, 8.5, 7 ],
    "faces": {
        "down":  { "uv": [ 10, 7, 11, 6 ], "texture": "#texture" },
        "up":    { "uv": [ 10, 6, 11, 7 ], "texture": "#texture" },
        "north": { "uv": [ 11, 6, 10, 7 ], "texture": "#texture" },
        "south": { "uv": [ 10, 7, 11, 6 ], "texture": "#texture" },
        "west":  { "uv": [ 10, 6, 11, 7 ], "rotation": 270, "texture": "#texture" },
        "east":  { "uv": [ 11, 6, 10, 7 ], "rotation": 90, "texture": "#texture" }
    }
},
{
    "__comment": "bursting_crossbow_pulling_1 x16",
    "from": [ 10, 7.5, 11 ],
    "to": [ 13, 8.5, 12 ],
    "faces": {
        "down":  { "uv": [ 10, 12, 13, 11 ], "texture": "#texture" },
        "up":    { "uv": [ 10, 11, 13, 12 ], "texture": "#texture" },
        "north": { "uv": [ 13, 11, 10, 12 ], "texture": "#texture" },
        "south": { "uv": [ 10, 12, 13, 11 ], "texture": "#texture" },
        "west":  { "uv": [ 10, 11, 11, 12 ], "rotation": 270, "texture": "#texture" },
        "east":  { "uv": [ 13, 11, 12, 12 ], "rotation": 90, "texture": "#texture" }
    }
},
{
    "__comment": "bursting_crossbow_pulling_1 x16",
    "from": [ 11, 7.5, 4 ],
    "to": [ 12, 8.5, 6 ],
    "faces": {
        "down":  { "uv": [ 11, 6, 12, 4 ], "texture": "#texture" },
        "up":    { "uv": [ 11, 4, 12, 6 ], "texture": "#texture" },
        "north": { "uv": [ 12, 4, 11, 5 ], "texture": "#texture" },
        "south": { "uv": [ 11, 6, 12, 5 ], "texture": "#texture" },
        "west":  { "uv": [ 11, 4, 12, 6 ], "rotation": 270, "texture": "#texture" },
        "east":  { "uv": [ 12, 4, 11, 6 ], "rotation": 90, "texture": "#texture" }
    }
},
{
    "__comment": "bursting_crossbow_pulling_1 x16",
    "from": [ 11, 7.5, 12 ],
    "to": [ 14, 8.5, 13 ],
    "faces": {
        "down":  { "uv": [ 11, 13, 14, 12 ], "texture": "#texture" },
        "up":    { "uv": [ 11, 12, 14, 13 ], "texture": "#texture" },
        "north": { "uv": [ 14, 12, 11, 13 ], "texture": "#texture" },
        "south": { "uv": [ 11, 13, 14, 12 ], "texture": "#texture" },
        "west":  { "uv": [ 11, 12, 12, 13 ], "rotation": 270, "texture": "#texture" },
        "east":  { "uv": [ 14, 12, 13, 13 ], "rotation": 90, "texture": "#texture" }
    }
},
{
    "__comment": "bursting_crossbow_pulling_1 x16",
    "from": [ 12, 7.5, 13 ],
    "to": [ 15, 8.5, 14 ],
    "faces": {
        "down":  { "uv": [ 12, 14, 15, 13 ], "texture": "#texture" },
        "up":    { "uv": [ 12, 13, 15, 14 ], "texture": "#texture" },
        "north": { "uv": [ 15, 13, 12, 14 ], "texture": "#texture" },
        "south": { "uv": [ 12, 14, 15, 13 ], "texture": "#texture" },
        "west":  { "uv": [ 12, 13, 13, 14 ], "rotation": 270, "texture": "#texture" },
        "east":  { "uv": [ 15, 13, 14, 14 ], "rotation": 90, "texture": "#texture" }
    }
},
{
    "__comment": "bursting_crossbow_pulling_1 x16",
    "from": [ 13, 7.5, 14 ],
    "to": [ 15, 8.5, 15 ],
    "faces": {
        "down":  { "uv": [ 13, 15, 15, 14 ], "texture": "#texture" },
        "up":    { "uv": [ 13, 14, 15, 15 ], "texture": "#texture" },
        "north": { "uv": [ 15, 14, 13, 15 ], "texture": "#texture" },
        "south": { "uv": [ 13, 15, 15, 14 ], "texture": "#texture" },
        "west":  { "uv": [ 13, 14, 14, 15 ], "rotation": 270, "texture": "#texture" },
        "east":  { "uv": [ 15, 14, 14, 15 ], "rotation": 90, "texture": "#texture" }
    }
}
],
"display": {
    "thirdperson_righthand": {
        "rotation": [ 0, -45, 0 ],
        "translation": [ 0, 0, 0 ],
        "scale": [ 1, 1, 1 ]
    },
    "thirdperson_lefthand": {
        "rotation": [ 0, 45, 0 ],
        "translation": [ 0, 0, 0 ],
        "scale": [ 1, 1, 1 ]
    },
    "ground": {
        "rotation": [ 0, 0, 0 ],
        "translation": [ 0, 0, 0 ],
        "scale": [ 0.35, 0.35, 0.35 ]
    },
    "fixed": {
        "rotation": [ -90, 180, 0 ],
        "translation": [ 0, 0, 0 ],
        "scale": [ 1, 1, 1 ]
    },
    "firstperson_righthand": {
        "rotation": [ 6, -43, 0 ],
        "translation": [ -1.7, 0.76, -0.76 ],
        "scale": [ 1, 1, 1 ]
    },
    "firstperson_lefthand": {
        "rotation": [ 0, 38, 11 ],
        "translation": [ -2.27, 0.76, -0.94 ],
        "scale": [ 1, 1, 1 ]
    },
    "gui": {
        "rotation": [ 90, 0, 0 ],
        "translation": [ 0, 0, 0 ],
        "scale": [ 1, 1, 1 ]
    }
}
}